{
	"credit": "Made with Blockbench",
	"parent": "minecraft:block/block",
	"ambientocclusion": false,
	"textures": {
		"particle": "block/dark_oak_log",
		"texture": "block/dark_oak_log"
	},
	"elements": [
		{
			"name": "Main post",
			"from": [6.5, 0, 6.5],
			"to": [9.5, 16, 9.5],
			"faces": {
				"north": {"uv": [0, 0, 3.125, 16], "texture": "#texture"},
				"east": {"uv": [3.125, 0, 7.5, 16], "texture": "#texture"},
				"south": {"uv": [11.75, 0, 16, 16], "texture": "#texture"},
				"west": {"uv": [7.5, 0, 11.75, 16], "texture": "#texture"},
				"up": {"uv": [4.5, 4.25, 7.5, 7.25], "texture": "#texture", "cullface": "up"},
				"down": {"uv": [4.5, 7.25, 7.5, 10.25], "texture": "#texture", "cullface": "down"}
			}
		},
		{
			"name": "Upper cube 1",
			"from": [5.875, 12, 5.875],
			"to": [10.125, 16, 10.125],
			"rotation": {"angle": 45, "axis": "x", "origin": [8, 14, 8]},
			"faces": {
				"north": {"uv": [0, 0, 16, 16], "texture": "#texture"},
				"east": {"uv": [0, 0, 16, 16], "texture": "#texture"},
				"south": {"uv": [0, 0, 16, 16], "texture": "#texture"},
				"west": {"uv": [0, 0, 16, 16], "texture": "#texture"},
				"up": {"uv": [0, 0, 16, 16], "texture": "#texture"},
				"down": {"uv": [0, 0, 16, 16], "texture": "#texture"}
			}
		},
		{
			"name": "Upper cube 2",
			"from": [5.875, 12, 5.875],
			"to": [10.125, 16, 10.125],
			"rotation": {"angle": 45, "axis": "z", "origin": [8, 14, 8]},
			"faces": {
				"north": {"uv": [0, 0, 16, 16], "texture": "#texture"},
				"east": {"uv": [0, 0, 16, 16], "texture": "#texture"},
				"south": {"uv": [0, 0, 16, 16], "texture": "#texture"},
				"west": {"uv": [0, 0, 16, 16], "texture": "#texture"},
				"up": {"uv": [0, 0, 16, 16], "texture": "#texture"},
				"down": {"uv": [0, 0, 16, 16], "texture": "#texture"}
			}
		}
	],
	"display": {
		"gui": {
			"rotation": [30, 135, 0],
			"scale": [0.625, 0.625, 0.625]
		},
		"fixed": {
			"rotation": [0, 90, 0],
			"scale": [0.5, 0.5, 0.5]
		}
	}
}