{
	"credit": "Made with Blockbench",
	"parent": "block/fence/wall_gate_open",
	"textures": {
		"0": "block/dark_oak_planks",
		"particle": "block/dark_oak_planks"
	},
	"elements": [
		{
			"name": "Left-hand post",
			"from": [0, 6, 7],
			"to": [2, 17, 9],
			"faces": {
				"north": {"uv": [10, 0, 14, 16], "texture": "#0"},
				"east": {"uv": [10, 0, 14, 16], "texture": "#0"},
				"south": {"uv": [10, 0, 14, 16], "texture": "#0"},
				"west": {"uv": [10, 0, 14, 16], "texture": "#0", "cullface": "west"},
				"up": {"uv": [0, 8, 2, 10], "texture": "#0"},
				"down": {"uv": [2, 10, 0, 8], "texture": "#0"}
			}
		},
		{
			"name": "Right-hand post",
			"from": [14, 6, 7],
			"to": [16, 17, 9],
			"faces": {
				"north": {"uv": [10, 0, 14, 16], "texture": "#0"},
				"east": {"uv": [10, 0, 14, 16], "texture": "#0", "cullface": "east"},
				"south": {"uv": [10, 0, 14, 16], "texture": "#0"},
				"west": {"uv": [10, 0, 14, 16], "texture": "#0"},
				"up": {"uv": [0, 8, 2, 10], "texture": "#0"},
				"down": {"uv": [2, 10, 0, 8], "texture": "#0"}
			}
		},
		{
			"name": "Inner vertical post of left-hand gate door",
			"from": [0, 7, 13],
			"to": [2, 16, 15],
			"faces": {
				"north": {"uv": [4, 7, 5.875, 16], "texture": "#0"},
				"east": {"uv": [4, 7, 5.875, 16], "texture": "#0"},
				"south": {"uv": [4, 7, 5.875, 16], "texture": "#0"},
				"west": {"uv": [4, 7, 5.875, 16], "texture": "#0"},
				"up": {"uv": [0, 8, 2, 10], "texture": "#0"},
				"down": {"uv": [2, 10, 0, 8], "texture": "#0"}
			}
		},
		{
			"name": "Inner vertical post of right-hand gate door",
			"from": [14, 7, 13],
			"to": [16, 16, 15],
			"faces": {
				"north": {"uv": [4, 7, 6, 16], "texture": "#0"},
				"east": {"uv": [4, 7, 6, 16], "texture": "#0"},
				"south": {"uv": [4, 7, 6, 16], "texture": "#0"},
				"west": {"uv": [4, 7, 6, 16], "texture": "#0"},
				"up": {"uv": [0, 8, 2, 10], "texture": "#0"},
				"down": {"uv": [2, 10, 0, 8], "texture": "#0"}
			}
		},
		{
			"name": "Lower horizontal bar of left-hand gate door",
			"from": [0, 7, 9],
			"to": [2, 10, 13],
			"faces": {
				"east": {"uv": [3.25, 0, 6.75, 3], "texture": "#0"},
				"west": {"uv": [3.25, 0, 6.75, 3], "texture": "#0"},
				"up": {"uv": [11, 1, 13, 5], "texture": "#0"},
				"down": {"uv": [12.75, 5, 10.75, 1], "texture": "#0"}
			}
		},
		{
			"name": "Upper horizontal bar of left-hand gate door",
			"from": [0, 13, 9],
			"to": [2, 16, 13],
			"faces": {
				"east": {"uv": [3.25, 0, 6.75, 3], "texture": "#0"},
				"west": {"uv": [3.25, 0, 6.75, 3], "texture": "#0"},
				"up": {"uv": [10.75, 8.75, 12.75, 12.75], "texture": "#0"},
				"down": {"uv": [12.75, 12.5, 10.75, 8.5], "texture": "#0"}
			}
		},
		{
			"name": "Lower horizontal bar of left-hand gate door",
			"from": [14, 7, 9],
			"to": [16, 10, 13],
			"faces": {
				"north": {"uv": [0, 0, 0, 0], "texture": "#0"},
				"east": {"uv": [3.25, 0, 6.75, 3], "texture": "#0"},
				"south": {"uv": [0, 0, 0, 0], "texture": "#0"},
				"west": {"uv": [3.25, 3, 6.75, 6], "texture": "#0"},
				"up": {"uv": [10.75, 9.25, 12.75, 13.25], "texture": "#0"},
				"down": {"uv": [12.75, 12.75, 10.75, 8.75], "texture": "#0"}
			}
		},
		{
			"name": "Upper horizontal bar of left-hand gate door",
			"from": [14, 13, 9],
			"to": [16, 16, 13],
			"faces": {
				"north": {"uv": [0, 0, 0, 0], "texture": "#0"},
				"east": {"uv": [3.25, 0, 6.75, 3], "texture": "#0"},
				"south": {"uv": [0, 0, 0, 0], "texture": "#0"},
				"west": {"uv": [3.25, 0, 6.75, 3], "texture": "#0"},
				"up": {"uv": [10.75, 9.75, 12.75, 13.75], "texture": "#0"},
				"down": {"uv": [12.75, 12.75, 10.75, 8.75], "texture": "#0"}
			}
		}
	]
}