{
	"credit": "Made with Blockbench",
	"parent": "block/fence/wall_gate_closed",
	"textures": {
		"1": "block/dark_oak_planks",
		"particle": "block/dark_oak_planks"
	},
	"elements": [
		{
			"name": "Left-hand post",
			"from": [0, 6, 7],
			"to": [2, 17, 9],
			"faces": {
				"north": {"uv": [10, 0, 13.875, 16], "texture": "#1"},
				"east": {"uv": [10, 0, 13.875, 16], "texture": "#1"},
				"south": {"uv": [10, 0, 13.875, 16], "texture": "#1"},
				"west": {"uv": [10, 0, 13.875, 16], "texture": "#1", "cullface": "west"},
				"up": {"uv": [0, 8, 2, 10], "texture": "#1"},
				"down": {"uv": [2, 10, 0, 8], "texture": "#1"}
			}
		},
		{
			"name": "Right-hand post",
			"from": [14, 6, 7],
			"to": [16, 17, 9],
			"faces": {
				"north": {"uv": [10, 0, 14, 16], "texture": "#1"},
				"east": {"uv": [10, 0, 14, 16], "texture": "#1", "cullface": "east"},
				"south": {"uv": [10, 0, 14, 16], "texture": "#1"},
				"west": {"uv": [10, 0, 14, 16], "texture": "#1"},
				"up": {"uv": [0, 8, 2, 10], "texture": "#1"},
				"down": {"uv": [2, 10, 0, 8], "texture": "#1"}
			}
		},
		{
			"name": "Inner vertical post of left-hand gate door",
			"from": [6, 7, 7],
			"to": [8, 16, 9],
			"faces": {
				"north": {"uv": [4, 7, 6, 16], "texture": "#1"},
				"east": {"uv": [4, 7, 6, 16], "texture": "#1"},
				"south": {"uv": [4, 7, 6, 16], "texture": "#1"},
				"west": {"uv": [4, 7, 6, 16], "texture": "#1"},
				"up": {"uv": [0, 8, 2, 10], "texture": "#1"},
				"down": {"uv": [2, 10, 0, 8], "texture": "#1"}
			}
		},
		{
			"name": "Inner vertical post of right-hand gate door",
			"from": [8, 7, 7],
			"to": [10, 16, 9],
			"faces": {
				"north": {"uv": [4, 7, 6, 16], "texture": "#1"},
				"east": {"uv": [4, 7, 6, 16], "texture": "#1"},
				"south": {"uv": [4, 7, 6, 16], "texture": "#1"},
				"west": {"uv": [4, 7, 6, 16], "texture": "#1"},
				"up": {"uv": [0, 8, 2, 10], "texture": "#1"},
				"down": {"uv": [2, 10, 0, 8], "texture": "#1"}
			}
		},
		{
			"name": "Lower horizontal bar of left-hand gate door",
			"from": [2, 7, 7],
			"to": [6, 10, 9],
			"faces": {
				"north": {"uv": [3.25, 0, 6.75, 3], "texture": "#1"},
				"south": {"uv": [3.25, 0, 6.75, 3], "texture": "#1"},
				"up": {"uv": [3.25, 2.75, 6.75, 4.75], "texture": "#1"},
				"down": {"uv": [6.75, 4.75, 3.25, 2.75], "texture": "#1"}
			}
		},
		{
			"name": "Upper horizontal bar of left-hand gate door",
			"from": [2, 13, 7],
			"to": [6, 16, 9],
			"faces": {
				"north": {"uv": [3.25, 3, 6.75, 6], "texture": "#1"},
				"south": {"uv": [3.25, 3, 6.75, 6], "texture": "#1"},
				"up": {"uv": [3.25, 0, 6.75, 2], "texture": "#1"},
				"down": {"uv": [6.75, 2, 3.25, 0], "texture": "#1"}
			}
		},
		{
			"name": "Lower horizontal bar of right-hand gate door",
			"from": [10, 7, 7],
			"to": [14, 10, 9],
			"faces": {
				"north": {"uv": [3.25, 0, 6.75, 3], "texture": "#1"},
				"south": {"uv": [3.25, 0, 6.75, 3], "texture": "#1"},
				"up": {"uv": [3.25, 0, 6.75, 2], "texture": "#1"},
				"down": {"uv": [6.75, 2, 3.25, 0], "texture": "#1"}
			}
		},
		{
			"name": "Upper horizontal bar of right-hand gate door",
			"from": [10, 13, 7],
			"to": [14, 16, 9],
			"faces": {
				"north": {"uv": [3.25, 0, 6.75, 3], "texture": "#1"},
				"south": {"uv": [3.25, 0, 6.75, 3], "texture": "#1"},
				"up": {"uv": [3.25, 0, 6.75, 2], "texture": "#1"},
				"down": {"uv": [6.75, 2, 3.25, 0], "texture": "#1"}
			}
		}
	],
	"display": {
		"thirdperson_righthand": {
			"scale": [0.6, 0.6, 0.6]
		},
		"thirdperson_lefthand": {
			"scale": [0.6, 0.6, 0.6]
		},
		"ground": {
			"scale": [0.6, 0.6, 0.6]
		},
		"gui": {
			"rotation": [25.5, -47, 0],
			"translation": [0, -2.5, 0],
			"scale": [0.6, 0.6, 0.6]
		},
		"fixed": {
			"translation": [0, -2, 0],
			"scale": [0.6, 0.6, 0.6]
		}
	}
}