{
	"credit": "Made with Blockbench",
	"parent": "minecraft:block/block",
	"ambientocclusion": false,
	"textures": {
		"1": "block/dark_oak_planks"
	},
	"elements": [
		{
			"name": "Top bar",
			"from": [7, 13, 0],
			"to": [9, 15, 9],
			"faces": {
				"north": {"uv": [0, 0, 3.25, 3.5], "texture": "#1", "cullface": "north"},
				"east": {"uv": [0, 0, 9, 3.5], "texture": "#1"},
				"south": {"uv": [0, 0, 3.25, 3.5], "texture": "#1"},
				"west": {"uv": [7, 0, 16, 3.5], "texture": "#1"},
				"up": {"uv": [0, 12.5, 14.125, 14.25], "rotation": 270, "texture": "#1"},
				"down": {"uv": [7, 3.5, 16, 6.75], "rotation": 270, "texture": "#1"}
			}
		},
		{
			"name": "Lower bar",
			"from": [7.5, 8, 0],
			"to": [8.5, 9, 9],
			"faces": {
				"north": {"uv": [14.25, 7, 16, 8.875], "texture": "#1", "cullface": "north"},
				"east": {"uv": [0, 12.5, 9, 14.25], "texture": "#1"},
				"south": {"uv": [14.25, 1.75, 16, 3.5], "texture": "#1"},
				"west": {"uv": [0, 8.875, 9, 10.75], "texture": "#1"},
				"up": {"uv": [0, 7, 9, 8.875], "rotation": 270, "texture": "#1"},
				"down": {"uv": [0, 10.75, 9, 12.5], "rotation": 270, "texture": "#1"}
			}
		}
	],
	"display": {
		"gui": {
			"rotation": [30, 135, 0],
			"scale": [0.625, 0.625, 0.625]
		},
		"fixed": {
			"rotation": [0, 90, 0],
			"scale": [0.5, 0.5, 0.5]
		}
	}
}