{
    "elements": [
        {
            "__comment": "Left-hand post",
            "faces": {
                "down": {
                    "texture": "#texture",
                    "uv": [
                        2,
                        10,
                        0,
                        8
                    ]
                },
                "east": {
                    "texture": "#texture",
                    "uv": [
                        11.5,
                        0,
                        13.5,
                        11
                    ]
                },
                "north": {
                    "texture": "#texture",
                    "uv": [
                        11,
                        0,
                        13,
                        11
                    ]
                },
                "south": {
                    "texture": "#texture",
                    "uv": [
                        11,
                        0,
                        13,
                        11
                    ]
                },
                "up": {
                    "texture": "#texture",
                    "uv": [
                        0,
                        8,
                        2,
                        10
                    ]
                },
                "west": {
                    "cullface": "west",
                    "texture": "#texture",
                    "uv": [
                        11,
                        0,
                        13,
                        11
                    ]
                }
            },
            "from": [
                0,
                2,
                7
            ],
            "to": [
                2,
                13,
                9
            ]
        },
        {
            "__comment": "Right-hand post",
            "faces": {
                "down": {
                    "texture": "#texture",
                    "uv": [
                        2,
                        10,
                        0,
                        8
                    ]
                },
                "east": {
                    "cullface": "east",
                    "texture": "#texture",
                    "uv": [
                        10.75,
                        0,
                        12.75,
                        11
                    ]
                },
                "north": {
                    "texture": "#texture",
                    "uv": [
                        10.5,
                        0,
                        12.5,
                        11
                    ]
                },
                "south": {
                    "texture": "#texture",
                    "uv": [
                        10.5,
                        0,
                        12.5,
                        11
                    ]
                },
                "up": {
                    "texture": "#texture",
                    "uv": [
                        0,
                        8,
                        2,
                        10
                    ]
                },
                "west": {
                    "texture": "#texture",
                    "uv": [
                        10.5,
                        0,
                        12.5,
                        11
                    ]
                }
            },
            "from": [
                14,
                2,
                7
            ],
            "to": [
                16,
                13,
                9
            ]
        },
        {
            "__comment": "Inner vertical post of left-hand gate door",
            "faces": {
                "down": {
                    "texture": "#texture",
                    "uv": [
                        2,
                        10,
                        0,
                        8
                    ]
                },
                "east": {
                    "texture": "#texture",
                    "uv": [
                        4,
                        7,
                        6,
                        16
                    ]
                },
                "north": {
                    "texture": "#texture",
                    "uv": [
                        4,
                        7,
                        6,
                        16
                    ]
                },
                "south": {
                    "texture": "#texture",
                    "uv": [
                        4,
                        7,
                        6,
                        16
                    ]
                },
                "up": {
                    "texture": "#texture",
                    "uv": [
                        0,
                        8,
                        2,
                        10
                    ]
                },
                "west": {
                    "texture": "#texture",
                    "uv": [
                        4,
                        7,
                        6,
                        16
                    ]
                }
            },
            "from": [
                6,
                3,
                7
            ],
            "to": [
                8,
                12,
                9
            ]
        },
        {
            "__comment": "Inner vertical post of right-hand gate door",
            "faces": {
                "down": {
                    "texture": "#texture",
                    "uv": [
                        2,
                        10,
                        0,
                        8
                    ]
                },
                "east": {
                    "texture": "#texture",
                    "uv": [
                        4,
                        7,
                        6,
                        16
                    ]
                },
                "north": {
                    "texture": "#texture",
                    "uv": [
                        4,
                        7,
                        6,
                        16
                    ]
                },
                "south": {
                    "texture": "#texture",
                    "uv": [
                        4,
                        7,
                        6,
                        16
                    ]
                },
                "up": {
                    "texture": "#texture",
                    "uv": [
                        0,
                        8,
                        2,
                        10
                    ]
                },
                "west": {
                    "texture": "#texture",
                    "uv": [
                        4,
                        7,
                        6,
                        16
                    ]
                }
            },
            "from": [
                8,
                3,
                7
            ],
            "to": [
                10,
                12,
                9
            ]
        },
        {
            "__comment": "Lower horizontal bar of left-hand gate door",
            "faces": {
                "down": {
                    "texture": "#texture",
                    "uv": [
                        4,
                        15.5,
                        0,
                        13.5
                    ]
                },
                "north": {
                    "texture": "#texture",
                    "uv": [
                        0,
                        10,
                        4,
                        13
                    ]
                },
                "south": {
                    "texture": "#texture",
                    "uv": [
                        0,
                        10,
                        4,
                        13
                    ]
                },
                "up": {
                    "texture": "#texture",
                    "uv": [
                        0,
                        13.5,
                        4,
                        15.5
                    ]
                }
            },
            "from": [
                2,
                3,
                7
            ],
            "to": [
                6,
                6,
                9
            ]
        },
        {
            "__comment": "Upper horizontal bar of left-hand gate door",
            "faces": {
                "down": {
                    "texture": "#texture",
                    "uv": [
                        4,
                        12.75,
                        0,
                        10.75
                    ]
                },
                "north": {
                    "texture": "#texture",
                    "uv": [
                        0,
                        13,
                        4,
                        16
                    ]
                },
                "south": {
                    "texture": "#texture",
                    "uv": [
                        0,
                        13,
                        4,
                        16
                    ]
                },
                "up": {
                    "texture": "#texture",
                    "uv": [
                        0,
                        10.75,
                        4,
                        12.75
                    ]
                }
            },
            "from": [
                2,
                9,
                7
            ],
            "to": [
                6,
                12,
                9
            ]
        },
        {
            "__comment": "Lower horizontal bar of right-hand gate door",
            "faces": {
                "down": {
                    "texture": "#texture",
                    "uv": [
                        4,
                        12.5,
                        0,
                        10.5
                    ]
                },
                "north": {
                    "texture": "#texture",
                    "uv": [
                        0,
                        13,
                        4,
                        16
                    ]
                },
                "south": {
                    "texture": "#texture",
                    "uv": [
                        0,
                        13,
                        4,
                        16
                    ]
                },
                "up": {
                    "texture": "#texture",
                    "uv": [
                        0,
                        10.5,
                        4,
                        12.5
                    ]
                }
            },
            "from": [
                10,
                3,
                7
            ],
            "to": [
                14,
                6,
                9
            ]
        },
        {
            "__comment": "Upper horizontal bar of right-hand gate door",
            "faces": {
                "down": {
                    "texture": "#texture",
                    "uv": [
                        4,
                        15.5,
                        0,
                        13.5
                    ]
                },
                "north": {
                    "texture": "#texture",
                    "uv": [
                        0,
                        10,
                        4,
                        13
                    ]
                },
                "south": {
                    "texture": "#texture",
                    "uv": [
                        0,
                        10,
                        4,
                        13
                    ]
                },
                "up": {
                    "texture": "#texture",
                    "uv": [
                        0,
                        13.5,
                        4,
                        15.5
                    ]
                }
            },
            "from": [
                10,
                9,
                7
            ],
            "to": [
                14,
                12,
                9
            ]
        }
    ],
    "textures": {
        "particle": "#texture",
        "texture": "block/oak_planks"
    }
}