{
    "elements": [
        {
            "__comment": "Left-hand post",
            "faces": {
                "down": {
                    "texture": "#texture",
                    "uv": [
                        2,
                        10,
                        0,
                        8
                    ]
                },
                "east": {
                    "texture": "#texture",
                    "uv": [
                        11.25,
                        0,
                        13.25,
                        11
                    ]
                },
                "north": {
                    "texture": "#texture",
                    "uv": [
                        11.25,
                        0,
                        13.25,
                        11
                    ]
                },
                "south": {
                    "texture": "#texture",
                    "uv": [
                        11.25,
                        0,
                        13.25,
                        11
                    ]
                },
                "up": {
                    "texture": "#texture",
                    "uv": [
                        0,
                        8,
                        2,
                        10
                    ]
                },
                "west": {
                    "cullface": "west",
                    "texture": "#texture",
                    "uv": [
                        11.25,
                        0,
                        13.25,
                        11
                    ]
                }
            },
            "from": [
                0,
                2,
                7
            ],
            "to": [
                2,
                13,
                9
            ]
        },
        {
            "__comment": "Right-hand post",
            "faces": {
                "down": {
                    "texture": "#texture",
                    "uv": [
                        2,
                        10,
                        0,
                        8
                    ]
                },
                "east": {
                    "cullface": "east",
                    "texture": "#texture",
                    "uv": [
                        10.75,
                        0,
                        12.75,
                        11
                    ]
                },
                "north": {
                    "texture": "#texture",
                    "uv": [
                        10.5,
                        0,
                        12.5,
                        11
                    ]
                },
                "south": {
                    "texture": "#texture",
                    "uv": [
                        10.5,
                        0,
                        12.5,
                        11
                    ]
                },
                "up": {
                    "texture": "#texture",
                    "uv": [
                        0,
                        8,
                        2,
                        10
                    ]
                },
                "west": {
                    "texture": "#texture",
                    "uv": [
                        10.75,
                        0,
                        12.75,
                        11
                    ]
                }
            },
            "from": [
                14,
                2,
                7
            ],
            "to": [
                16,
                13,
                9
            ]
        },
        {
            "__comment": "Inner vertical post of left-hand gate door",
            "faces": {
                "down": {
                    "texture": "#texture",
                    "uv": [
                        2,
                        10,
                        0,
                        8
                    ]
                },
                "east": {
                    "texture": "#texture",
                    "uv": [
                        4,
                        7,
                        6,
                        16
                    ]
                },
                "north": {
                    "texture": "#texture",
                    "uv": [
                        4,
                        7,
                        6,
                        16
                    ]
                },
                "south": {
                    "texture": "#texture",
                    "uv": [
                        4,
                        7,
                        6,
                        16
                    ]
                },
                "up": {
                    "texture": "#texture",
                    "uv": [
                        0,
                        8,
                        2,
                        10
                    ]
                },
                "west": {
                    "texture": "#texture",
                    "uv": [
                        4,
                        7,
                        6,
                        16
                    ]
                }
            },
            "from": [
                0,
                3,
                13
            ],
            "to": [
                2,
                12,
                15
            ]
        },
        {
            "__comment": "Inner vertical post of right-hand gate door",
            "faces": {
                "down": {
                    "texture": "#texture",
                    "uv": [
                        2,
                        10,
                        0,
                        8
                    ]
                },
                "east": {
                    "texture": "#texture",
                    "uv": [
                        4,
                        7,
                        6,
                        16
                    ]
                },
                "north": {
                    "texture": "#texture",
                    "uv": [
                        4,
                        7,
                        6,
                        16
                    ]
                },
                "south": {
                    "texture": "#texture",
                    "uv": [
                        4,
                        7,
                        6,
                        16
                    ]
                },
                "up": {
                    "texture": "#texture",
                    "uv": [
                        0,
                        8,
                        2,
                        10
                    ]
                },
                "west": {
                    "texture": "#texture",
                    "uv": [
                        4,
                        7,
                        6,
                        16
                    ]
                }
            },
            "from": [
                14,
                3,
                13
            ],
            "to": [
                16,
                12,
                15
            ]
        },
        {
            "__comment": "Lower horizontal bar of left-hand gate door",
            "faces": {
                "down": {
                    "texture": "#texture",
                    "uv": [
                        12.75,
                        5,
                        10.75,
                        1
                    ]
                },
                "east": {
                    "texture": "#texture",
                    "uv": [
                        0,
                        10,
                        4,
                        13
                    ]
                },
                "up": {
                    "texture": "#texture",
                    "uv": [
                        11,
                        1,
                        13,
                        5
                    ]
                },
                "west": {
                    "texture": "#texture",
                    "uv": [
                        0,
                        10,
                        4,
                        13
                    ]
                }
            },
            "from": [
                0,
                3,
                9
            ],
            "to": [
                2,
                6,
                13
            ]
        },
        {
            "__comment": "Upper horizontal bar of left-hand gate door",
            "faces": {
                "down": {
                    "texture": "#texture",
                    "uv": [
                        12.75,
                        12.5,
                        10.75,
                        8.5
                    ]
                },
                "east": {
                    "texture": "#texture",
                    "uv": [
                        0,
                        13,
                        4,
                        16
                    ]
                },
                "up": {
                    "texture": "#texture",
                    "uv": [
                        10.75,
                        8.75,
                        12.75,
                        12.75
                    ]
                },
                "west": {
                    "texture": "#texture",
                    "uv": [
                        0,
                        13,
                        4,
                        16
                    ]
                }
            },
            "from": [
                0,
                9,
                9
            ],
            "to": [
                2,
                12,
                13
            ]
        },
        {
            "__comment": "Lower horizontal bar of left-hand gate door",
            "faces": {
                "down": {
                    "texture": "#texture",
                    "uv": [
                        12.75,
                        12.75,
                        10.75,
                        8.75
                    ]
                },
                "east": {
                    "texture": "#texture",
                    "uv": [
                        0,
                        13,
                        4,
                        16
                    ]
                },
                "up": {
                    "texture": "#texture",
                    "uv": [
                        10.75,
                        9.25,
                        12.75,
                        13.25
                    ]
                },
                "west": {
                    "texture": "#texture",
                    "uv": [
                        0,
                        13,
                        4,
                        16
                    ]
                }
            },
            "from": [
                14,
                3,
                9
            ],
            "to": [
                16,
                6,
                13
            ]
        },
        {
            "__comment": "Upper horizontal bar of left-hand gate door",
            "faces": {
                "down": {
                    "texture": "#texture",
                    "uv": [
                        12.75,
                        12.75,
                        10.75,
                        8.75
                    ]
                },
                "east": {
                    "texture": "#texture",
                    "uv": [
                        0,
                        10,
                        4,
                        13
                    ]
                },
                "up": {
                    "texture": "#texture",
                    "uv": [
                        10.75,
                        9.75,
                        12.75,
                        13.75
                    ]
                },
                "west": {
                    "texture": "#texture",
                    "uv": [
                        0,
                        10,
                        4,
                        13
                    ]
                }
            },
            "from": [
                14,
                9,
                9
            ],
            "to": [
                16,
                12,
                13
            ]
        }
    ],
    "textures": {
        "particle": "#texture",
        "texture": "block/oak_planks"
    }
}