{
	"credit": "Made with Blockbench",
	"textures": {
		"particle": "block/spruce_planks",
		"texture": "block/spruce_planks"
	},
	"elements": [
		{
			"from": [7.25, 12, 0],
			"to": [8.75, 14, 9],
			"faces": {
				"north": {"uv": [4.25, 13.25, 5.75, 15.25], "texture": "#texture", "cullface": "north"},
				"east": {"uv": [1.625, 3.5, 10, 5.5], "texture": "#texture"},
				"south": {"uv": [0, 0, 0, 0], "texture": "#texture"},
				"west": {"uv": [1.625, 3.5, 10, 5.5], "texture": "#texture"},
				"up": {"uv": [4.25, 7.875, 5.75, 14.5], "texture": "#texture"},
				"down": {"uv": [5.75, 14.375, 4.25, 7.875], "texture": "#texture"}
			}
		},
		{
			"from": [7.25, 6, 0],
			"to": [8.75, 8, 9],
			"faces": {
				"north": {"uv": [4.25, 13.5, 5.75, 15.5], "texture": "#texture", "cullface": "north"},
				"east": {"uv": [1.75, 3.5, 9.625, 5.5], "texture": "#texture"},
				"south": {"uv": [0, 0, 0, 0], "texture": "#texture"},
				"west": {"uv": [1.5, 3.5, 10, 5.5], "texture": "#texture"},
				"up": {"uv": [4.25, 7.5, 5.75, 15.25], "texture": "#texture"},
				"down": {"uv": [5.75, 15.125, 4.25, 7.5], "texture": "#texture"}
			}
		},
		{
			"from": [7.25, 10, 0],
			"to": [8.75, 11, 9],
			"faces": {
				"north": {"uv": [4.25, 13.5, 5.75, 14.5], "texture": "#texture", "cullface": "north"},
				"east": {"uv": [1.75, 1.75, 9.375, 2.75], "texture": "#texture"},
				"south": {"uv": [0, 0, 0, 0], "texture": "#texture"},
				"west": {"uv": [1.5, 1.75, 9.75, 2.75], "texture": "#texture"},
				"up": {"uv": [4.25, 7.5, 5.75, 15.25], "texture": "#texture"},
				"down": {"uv": [5.75, 15.125, 4.25, 7.5], "texture": "#texture"}
			}
		}
	]
}