{
	"credit": "Made with Blockbench",
	"textures": {
		"1": "block/spruce_log",
		"2": "block/spruce_log_top",
		"particle": "block/spruce_planks"
	},
	"elements": [
		{
			"from": [6, -5, 6],
			"to": [10, 10, 10],
			"rotation": {"angle": -22.5, "axis": "x", "origin": [0, 0, 0]},
			"faces": {
				"north": {"uv": [0, 0, 4, 16], "texture": "#1"},
				"east": {"uv": [4, 0, 8, 16], "texture": "#1"},
				"south": {"uv": [8, 0, 12, 16], "texture": "#1"},
				"west": {"uv": [12, 0, 16, 16], "texture": "#1"},
				"up": {"uv": [0, 0, 16, 16], "texture": "#2"},
				"down": {"uv": [0, 0, 16, 16], "texture": "#2"}
			}
		},
		{
			"from": [7.5, 15, 7.5],
			"to": [8.5, 16, 8.5],
			"rotation": {"angle": -22.5, "axis": "x", "origin": [8, 0, 0]},
			"faces": {
				"north": {"uv": [6.375, 7.96875, 9.5, 11], "texture": "#2", "cullface": "up"},
				"east": {"uv": [6.375, 7.96875, 9.5, 11], "texture": "#2", "cullface": "up"},
				"south": {"uv": [6.375, 7.96875, 9.5, 11], "texture": "#2", "cullface": "up"},
				"west": {"uv": [6.375, 7.96875, 9.5, 11], "texture": "#2", "cullface": "up"},
				"up": {"uv": [3.25, 4.125, 11.25, 11.75], "texture": "#2", "cullface": "up"}
			}
		},
		{
			"from": [6.5, 10, 6.5],
			"to": [9.5, 13, 9.5],
			"rotation": {"angle": -22.5, "axis": "x", "origin": [8, 0, 0]},
			"faces": {
				"north": {"uv": [2.25, 9.96875, 12.25, 14.875], "texture": "#2", "cullface": "up"},
				"east": {"uv": [2.25, 9.96875, 12.25, 14.875], "texture": "#2", "cullface": "up"},
				"south": {"uv": [2.25, 9.96875, 12.25, 14.875], "texture": "#2", "cullface": "up"},
				"west": {"uv": [2.25, 9.96875, 12.25, 14.875], "texture": "#2", "cullface": "up"},
				"up": {"uv": [2.25, 3.125, 12.25, 12.75], "texture": "#2", "cullface": "up"}
			}
		},
		{
			"from": [7.001, 13, 7.001],
			"to": [8.999, 15, 8.999],
			"rotation": {"angle": -22.5, "axis": "x", "origin": [8, 0, 0]},
			"faces": {
				"north": {"uv": [5.875, 8.96875, 10, 13], "texture": "#2", "cullface": "up"},
				"east": {"uv": [5.875, 8.96875, 10, 13], "texture": "#2", "cullface": "up"},
				"south": {"uv": [5.875, 8.96875, 10, 13], "texture": "#2", "cullface": "up"},
				"west": {"uv": [5.875, 8.96875, 10, 13], "texture": "#2", "cullface": "up"},
				"up": {"uv": [2.75, 3.625, 11.75, 12.25], "texture": "#2", "cullface": "up"}
			}
		}
	],
	"groups": [
		0,
		{
			"name": "group",
			"origin": [0, 0, 0],
			"color": 0,
			"children": [1, 2, 3]
		}
	]
}