{
	"credit": "Made with Blockbench",
	"parent": "minecraft:block/block",
	"ambientocclusion": false,
	"textures": {
		"1": "block/spruce_log",
		"2": "block/spruce_log_top",
		"particle": "block/spruce_planks",
		"texture": "block/spruce_planks"
	},
	"elements": [
		{
			"from": [12, 0, 6],
			"to": [16, 15, 10],
			"faces": {
				"north": {"uv": [10, 1, 14, 16], "texture": "#1"},
				"east": {"uv": [10, 1, 14, 16], "texture": "#1"},
				"south": {"uv": [10, 1, 14, 16], "texture": "#1"},
				"west": {"uv": [10, 1, 14, 16], "texture": "#1"},
				"up": {"uv": [0, 0, 16, 16], "texture": "#2"},
				"down": {"uv": [0, 0, 16, 16], "texture": "#2"}
			}
		},
		{
			"from": [0, 0, 6],
			"to": [4, 15, 10],
			"faces": {
				"north": {"uv": [10, 1, 14, 16], "texture": "#1"},
				"east": {"uv": [10, 1, 14, 16], "texture": "#1"},
				"south": {"uv": [10, 1, 14, 16], "texture": "#1"},
				"west": {"uv": [10, 1, 14, 16], "texture": "#1"},
				"up": {"uv": [0, 0, 16, 16], "texture": "#2"},
				"down": {"uv": [0, 0, 16, 16], "texture": "#2"}
			}
		},
		{
			"from": [4, 12, 7.25],
			"to": [12, 14, 8.75],
			"rotation": {"angle": 0, "axis": "y", "origin": [8, 10.5, 5]},
			"faces": {
				"north": {"uv": [1.5, 3.375, 9.875, 5.625], "texture": "#texture"},
				"south": {"uv": [1.5, 3.375, 9.875, 5.625], "texture": "#texture"},
				"west": {"uv": [4.25, 13.25, 5.75, 15.25], "texture": "#texture", "cullface": "north"},
				"up": {"uv": [4.25, 7, 5.75, 16], "rotation": 270, "texture": "#texture"},
				"down": {"uv": [5.75, 16, 4.25, 7], "rotation": 90, "texture": "#texture"}
			}
		},
		{
			"from": [4, 6, 7.25],
			"to": [12, 8, 8.75],
			"rotation": {"angle": 0, "axis": "y", "origin": [8, 10.5, 5]},
			"faces": {
				"north": {"uv": [1.5, 3.375, 9.875, 5.5], "texture": "#texture"},
				"south": {"uv": [1.5, 3.375, 9.875, 5.5], "texture": "#texture"},
				"west": {"uv": [4.25, 13.5, 5.75, 15.5], "texture": "#texture", "cullface": "north"},
				"up": {"uv": [4.25, 7, 5.75, 16], "rotation": 270, "texture": "#texture"},
				"down": {"uv": [5.75, 16, 4.25, 7], "rotation": 90, "texture": "#texture"}
			}
		},
		{
			"from": [4, 10, 7.25],
			"to": [12, 11, 8.75],
			"rotation": {"angle": 0, "axis": "y", "origin": [8, 10.5, 5]},
			"faces": {
				"north": {"uv": [1.5, 3.375, 9.875, 5.625], "texture": "#texture"},
				"south": {"uv": [1.5, 3.375, 9.875, 5.625], "texture": "#texture"},
				"west": {"uv": [4.25, 13.5, 5.75, 14.5], "texture": "#texture", "cullface": "north"},
				"up": {"uv": [4.25, 7, 5.75, 16], "rotation": 270, "texture": "#texture"},
				"down": {"uv": [5.75, 16, 4.25, 7], "rotation": 90, "texture": "#texture"}
			}
		}
	],
	"display": {
		"thirdperson_righthand": {
			"rotation": [-151.92, 85.62, -114.57],
			"scale": [0.5, 0.5, 0.5]
		},
		"thirdperson_lefthand": {
			"rotation": [32, 0, 0],
			"scale": [0.5, 0.5, 0.5]
		},
		"firstperson_righthand": {
			"scale": [0.5, 0.5, 0.5]
		},
		"firstperson_lefthand": {
			"scale": [0.5, 0.5, 0.5]
		},
		"ground": {
			"translation": [0, 2.25, 0],
			"scale": [0.6, 0.6, 0.6]
		},
		"gui": {
			"rotation": [35, 35, 0],
			"scale": [0.6, 0.6, 0.6]
		},
		"fixed": {
			"scale": [0.6, 0.6, 0.6]
		}
	},
	"groups": [
		0,
		1,
		{
			"name": "group",
			"origin": [0, 0, 0],
			"color": 0,
			"children": [2, 3, 4]
		}
	]
}