{
	"credit": "Made with Blockbench",
	"parent": "minecraft:block/block",
	"ambientocclusion": false,
	"textures": {
		"particle": "block/oak_planks",
		"texture": "block/oak_planks"
	},
	"elements": [
		{
			"from": [6, 0, 6],
			"to": [10, 15.5, 10],
			"faces": {
				"north": {"uv": [10, 1, 14, 16], "texture": "#texture"},
				"east": {"uv": [10, 1, 14, 16], "texture": "#texture"},
				"south": {"uv": [10, 1, 14, 16], "texture": "#texture"},
				"west": {"uv": [10, 1, 14, 16], "texture": "#texture"},
				"up": {"uv": [6, 12, 10, 16], "texture": "#texture"},
				"down": {"uv": [10, 16, 6, 12], "texture": "#texture"}
			}
		},
		{
			"from": [6.5, 15, 6.5],
			"to": [9.5, 16, 9.5],
			"faces": {
				"north": {"uv": [6.25, 4.875, 9.25, 7.125], "texture": "#texture"},
				"east": {"uv": [6.25, 4.875, 9.25, 7.125], "texture": "#texture"},
				"south": {"uv": [6.25, 4.875, 9.25, 7.125], "texture": "#texture"},
				"west": {"uv": [6.25, 4.875, 9.25, 7.125], "texture": "#texture"},
				"up": {"uv": [6.5, 12.5, 9.5, 15.5], "texture": "#texture"},
				"down": {"uv": [9.5, 15.5, 6.5, 12.5], "texture": "#texture"}
			}
		}
	],
	"display": {
		"gui": {
			"rotation": [30, 135, 0],
			"scale": [0.625, 0.625, 0.625]
		},
		"fixed": {
			"rotation": [0, 90, 0],
			"scale": [0.5, 0.5, 0.5]
		}
	}
}