{
	"credit": "Made with Blockbench",
	"parent": "minecraft:block/block",
	"ambientocclusion": false,
	"textures": {
		"particle": "block/oak_planks"
	},
	"elements": [
		{
			"name": "Left-hand post",
			"from": [0, 5, 7],
			"to": [2, 16, 9],
			"faces": {
				"north": {"uv": [11.25, 0, 13.25, 11], "texture": "#particle"},
				"east": {"uv": [11.25, 0, 13.25, 11], "texture": "#particle"},
				"south": {"uv": [11.25, 0, 13.25, 11], "texture": "#particle"},
				"west": {"uv": [11.25, 0, 13.25, 11], "texture": "#particle", "cullface": "west"},
				"up": {"uv": [0, 8, 2, 10], "texture": "#particle"},
				"down": {"uv": [2, 10, 0, 8], "texture": "#particle"}
			}
		},
		{
			"name": "Inner vertical post of left-hand gate door",
			"from": [0, 6, 13],
			"to": [2, 15, 15],
			"faces": {
				"north": {"uv": [4, 7, 6, 16], "texture": "#particle"},
				"east": {"uv": [4, 7, 6, 16], "texture": "#particle"},
				"south": {"uv": [4, 7, 6, 16], "texture": "#particle"},
				"west": {"uv": [4, 7, 6, 16], "texture": "#particle"},
				"up": {"uv": [0, 8, 2, 10], "texture": "#particle"},
				"down": {"uv": [2, 10, 0, 8], "texture": "#particle"}
			}
		},
		{
			"name": "Lower horizontal bar of left-hand gate door",
			"from": [0, 6, 9],
			"to": [2, 9, 13],
			"faces": {
				"east": {"uv": [0, 10, 4, 13], "texture": "#particle"},
				"west": {"uv": [0, 10, 4, 13], "texture": "#particle"},
				"up": {"uv": [11, 1, 13, 5], "texture": "#particle"},
				"down": {"uv": [12.75, 5, 10.75, 1], "texture": "#particle"}
			}
		},
		{
			"name": "Upper horizontal bar of left-hand gate door",
			"from": [0, 12, 9],
			"to": [2, 15, 13],
			"faces": {
				"east": {"uv": [0, 13, 4, 16], "texture": "#particle"},
				"west": {"uv": [0, 13, 4, 16], "texture": "#particle"},
				"up": {"uv": [10.75, 8.75, 12.75, 12.75], "texture": "#particle"},
				"down": {"uv": [12.75, 12.5, 10.75, 8.5], "texture": "#particle"}
			}
		},
		{
			"name": "Right-hand post",
			"from": [14, 5, 7],
			"to": [16, 16, 9],
			"faces": {
				"north": {"uv": [10.5, 0, 12.5, 11], "texture": "#particle"},
				"east": {"uv": [10.75, 0, 12.75, 11], "texture": "#particle", "cullface": "east"},
				"south": {"uv": [10.5, 0, 12.5, 11], "texture": "#particle"},
				"west": {"uv": [10.75, 0, 12.75, 11], "texture": "#particle"},
				"up": {"uv": [0, 8, 2, 10], "texture": "#particle"},
				"down": {"uv": [2, 10, 0, 8], "texture": "#particle"}
			}
		},
		{
			"name": "Inner vertical post of right-hand gate door",
			"from": [14, 6, 13],
			"to": [16, 15, 15],
			"faces": {
				"north": {"uv": [4, 7, 6, 16], "texture": "#particle"},
				"east": {"uv": [4, 7, 6, 16], "texture": "#particle"},
				"south": {"uv": [4, 7, 6, 16], "texture": "#particle"},
				"west": {"uv": [4, 7, 6, 16], "texture": "#particle"},
				"up": {"uv": [0, 8, 2, 10], "texture": "#particle"},
				"down": {"uv": [2, 10, 0, 8], "texture": "#particle"}
			}
		},
		{
			"name": "Lower horizontal bar of left-hand gate door",
			"from": [14, 6, 9],
			"to": [16, 9, 13],
			"faces": {
				"east": {"uv": [0, 13, 4, 16], "texture": "#particle"},
				"west": {"uv": [0, 13, 4, 16], "texture": "#particle"},
				"up": {"uv": [10.75, 9.25, 12.75, 13.25], "texture": "#particle"},
				"down": {"uv": [12.75, 12.75, 10.75, 8.75], "texture": "#particle"}
			}
		},
		{
			"name": "Upper horizontal bar of left-hand gate door",
			"from": [14, 12, 9],
			"to": [16, 15, 13],
			"faces": {
				"east": {"uv": [0, 10, 4, 13], "texture": "#particle"},
				"west": {"uv": [0, 10, 4, 13], "texture": "#particle"},
				"up": {"uv": [10.75, 9.75, 12.75, 13.75], "texture": "#particle"},
				"down": {"uv": [12.75, 12.75, 10.75, 8.75], "texture": "#particle"}
			}
		}
	],
	"display": {
		"gui": {
			"rotation": [30, 135, 0],
			"scale": [0.625, 0.625, 0.625]
		},
		"fixed": {
			"rotation": [0, 90, 0],
			"scale": [0.5, 0.5, 0.5]
		}
	},
	"groups": [
		{
			"name": "group",
			"origin": [0, 0, 0],
			"color": 0,
			"children": [0, 1, 2, 3]
		},
		{
			"name": "group",
			"origin": [0, 0, 0],
			"color": 0,
			"children": [4, 5, 6, 7]
		}
	]
}