{
	"credit": "Made with Blockbench",
	"parent": "minecraft:block/block",
	"ambientocclusion": false,
	"textures": {
		"0": "block/oak_planks",
		"particle": "block/oak_planks"
	},
	"elements": [
		{
			"name": "Left post",
			"from": [6, 0, 0],
			"to": [10, 16, 4],
			"faces": {
				"north": {"uv": [10, 0, 14, 16], "texture": "#0"},
				"east": {"uv": [10, 0, 14, 16], "texture": "#0"},
				"south": {"uv": [10, 0, 14, 16], "texture": "#0"},
				"west": {"uv": [10, 0, 14, 16], "texture": "#0"},
				"up": {"uv": [6, 12.125, 10, 16], "texture": "#0"},
				"down": {"uv": [6, 12.125, 9.875, 16], "texture": "#0", "cullface": "down"}
			}
		},
		{
			"name": "Right post",
			"from": [6, 0, 12],
			"to": [10, 16, 16],
			"faces": {
				"north": {"uv": [10, 0, 14, 16], "texture": "#0"},
				"east": {"uv": [10, 0, 14, 16], "texture": "#0"},
				"south": {"uv": [10, 0, 14, 16], "texture": "#0"},
				"west": {"uv": [10, 0, 14, 16], "texture": "#0"},
				"up": {"uv": [6, 12, 10, 16], "texture": "#0"},
				"down": {"uv": [6, 12, 10, 16], "texture": "#0", "cullface": "down"}
			}
		},
		{
			"name": "Top bar",
			"from": [7, 13, -2],
			"to": [9, 15, 18],
			"faces": {
				"north": {"uv": [14, 14, 16, 16], "texture": "#0"},
				"east": {"uv": [0, 0, 9, 2], "texture": "#0"},
				"south": {"uv": [14, 14, 16, 16], "texture": "#0"},
				"west": {"uv": [0, 0, 9, 2], "texture": "#0"},
				"up": {"uv": [11, 0.5, 13, 16], "texture": "#0"},
				"down": {"uv": [11, 0.5, 13, 16], "texture": "#0"}
			}
		},
		{
			"name": "Lower bar",
			"from": [7, 5, -2],
			"to": [9, 7, 18],
			"faces": {
				"north": {"uv": [14, 14, 16, 16], "texture": "#0"},
				"east": {"uv": [0, 3.5, 9, 5.5], "texture": "#0"},
				"south": {"uv": [14, 14, 16, 16], "texture": "#0"},
				"west": {"uv": [0, 3.5, 9, 5.5], "texture": "#0"},
				"up": {"uv": [11, 0.5, 13, 16], "texture": "#0"},
				"down": {"uv": [11, 0.5, 13, 16], "texture": "#0"}
			}
		}
	],
	"display": {
		"ground": {
			"translation": [0, 2.25, 0],
			"scale": [0.6, 0.6, 0.6]
		},
		"gui": {
			"rotation": [30, 135, 0],
			"scale": [0.625, 0.625, 0.625]
		},
		"fixed": {
			"rotation": [0, 90, 0],
			"scale": [0.5, 0.5, 0.5]
		}
	}
}