{
	"credit": "Made with Blockbench",
	"parent": "minecraft:block/block",
	"ambientocclusion": false,
	"textures": {
		"1": "block/mangrove_log",
		"2": "block/mangrove_log_top",
		"particle": "block/mangrove_planks",
		"texture": "block/mangrove_planks"
	},
	"elements": [
		{
			"name": "Left post",
			"from": [6.5, 6.5, 7.5],
			"to": [8, 13.5, 8.5],
			"faces": {
				"north": {"uv": [3, 0, 5.5, 10.625], "texture": "#texture"},
				"east": {"uv": [5.5, 0, 6.5, 13], "texture": "#texture"},
				"south": {"uv": [3, 5.375, 5.5, 16], "texture": "#texture"},
				"west": {"uv": [5.5, 3, 6.5, 16], "texture": "#texture"},
				"up": {"uv": [13.375, 7.5, 14.875, 8.5], "texture": "#texture"},
				"down": {"uv": [13.375, 7.5, 14.875, 8.5], "texture": "#texture"}
			}
		},
		{
			"name": "Left post",
			"from": [8, 6.5, 7.5],
			"to": [9.5, 13.5, 8.5],
			"faces": {
				"north": {"uv": [8.25, 5.875, 12.25, 15.875], "texture": "#texture"},
				"east": {"uv": [6.375, 0.25, 8.125, 13.25], "texture": "#texture"},
				"south": {"uv": [8.25, 4.5, 12.25, 14.5], "texture": "#texture"},
				"west": {"uv": [6.375, 0.25, 8.125, 13.25], "texture": "#texture"},
				"up": {"uv": [12.375, 6.75, 15.875, 9.125], "texture": "#texture"},
				"down": {"uv": [12.375, 6.75, 15.875, 9.125], "texture": "#texture"}
			}
		},
		{
			"name": "Left post",
			"from": [2.75, 5.75, 7.5],
			"to": [5.25, 14.25, 8.5],
			"faces": {
				"north": {"uv": [0, 0, 8.375, 16], "texture": "#texture"},
				"east": {"uv": [1.625, 1.5, 2.875, 16], "texture": "#texture"},
				"south": {"uv": [0, 0, 8.25, 16], "texture": "#texture"},
				"west": {"uv": [1.625, 0, 2.875, 14.5], "texture": "#texture"},
				"up": {"uv": [12.375, 6.75, 15.875, 9.125], "texture": "#texture"},
				"down": {"uv": [12.375, 6.75, 15.875, 9.125], "texture": "#texture"}
			}
		},
		{
			"name": "Left post",
			"from": [10.75, 5.75, 7.5],
			"to": [13.25, 14.25, 8.5],
			"faces": {
				"north": {"uv": [8.375, 4.625, 12, 16], "texture": "#texture"},
				"east": {"uv": [5.5, 0, 6.5, 14.5], "texture": "#texture"},
				"south": {"uv": [8.375, 4.625, 12, 16], "texture": "#texture"},
				"west": {"uv": [5.625, 0, 6.625, 14.5], "texture": "#texture"},
				"up": {"uv": [12.375, 6.75, 15.875, 9.125], "texture": "#texture"},
				"down": {"uv": [12.375, 6.75, 15.875, 9.125], "texture": "#texture"}
			}
		},
		{
			"from": [8.625, 11.5, 7],
			"to": [9.125, 12, 7.5],
			"faces": {
				"east": {"uv": [14, 5.875, 14.5, 6.375], "texture": "#texture"},
				"west": {"uv": [14, 5.875, 14.5, 6.375], "texture": "#texture"},
				"up": {"uv": [14, 5.875, 14.5, 6.375], "texture": "#texture"},
				"down": {"uv": [14, 5.875, 14.5, 6.375], "texture": "#texture"}
			}
		},
		{
			"from": [8.625, 11.5, 6.75],
			"to": [9.125, 12.75, 7],
			"faces": {
				"north": {"uv": [13.25, 5.125, 13.75, 6.375], "texture": "#texture"},
				"east": {"uv": [12.875, 5, 13.125, 6.25], "texture": "#texture"},
				"south": {"uv": [12.5, 5, 13, 6.25], "texture": "#texture"},
				"west": {"uv": [12.625, 4.875, 12.875, 6.125], "texture": "#texture"},
				"up": {"uv": [13.25, 5.125, 13.75, 5.375], "texture": "#texture"},
				"down": {"uv": [12.75, 5, 13.25, 5.25], "texture": "#texture"}
			}
		},
		{
			"from": [6.875, 12, 7],
			"to": [9.125, 12.5, 7.5],
			"faces": {
				"north": {"uv": [15.875, 4.625, 13.625, 5.125], "texture": "#texture"},
				"east": {"uv": [14.375, 4.75, 14.875, 5.25], "texture": "#texture"},
				"south": {"uv": [13.625, 4.625, 15.875, 5.125], "texture": "#texture"},
				"west": {"uv": [12.875, 4.875, 13.375, 5.375], "texture": "#texture"},
				"up": {"uv": [13.625, 4.625, 15.875, 5.125], "texture": "#texture"},
				"down": {"uv": [13.625, 4.625, 15.875, 5.125], "texture": "#texture"}
			}
		},
		{
			"name": "Lower bar",
			"from": [1.5, 9.75, 7.75],
			"to": [6.5, 11.75, 8.25],
			"faces": {
				"north": {"uv": [10, 0, 15, 1.875], "texture": "#texture"},
				"south": {"uv": [10, 0, 15, 1.875], "texture": "#texture"},
				"up": {"uv": [9.125, 1.5, 14.125, 2], "texture": "#texture"},
				"down": {"uv": [9.125, 1.5, 14.125, 2], "texture": "#texture"}
			}
		},
		{
			"name": "Lower bar",
			"from": [9.5, 9.75, 7.75],
			"to": [14.5, 11.75, 8.25],
			"faces": {
				"north": {"uv": [10.875, 2.5, 15.875, 4.375], "texture": "#texture"},
				"south": {"uv": [10.875, 2.5, 15.875, 4.375], "texture": "#texture"},
				"up": {"uv": [10.875, 3.375, 15.875, 3.875], "texture": "#texture"},
				"down": {"uv": [10.875, 3.375, 15.875, 3.875], "texture": "#texture"}
			}
		},
		{
			"from": [6.875, 12, 8.5],
			"to": [9.125, 12.5, 9],
			"faces": {
				"north": {"uv": [13.625, 4.75, 15.875, 5.25], "texture": "#texture"},
				"east": {"uv": [15.125, 4.75, 14.625, 5.25], "texture": "#texture"},
				"south": {"uv": [13.625, 4.75, 15.875, 5.25], "texture": "#texture"},
				"west": {"uv": [13.375, 4.875, 12.875, 5.375], "texture": "#texture"},
				"up": {"uv": [13.625, 4.75, 15.875, 5.25], "texture": "#texture"},
				"down": {"uv": [13.625, 4.75, 15.875, 5.25], "texture": "#texture"}
			}
		},
		{
			"from": [8.625, 11.5, 9],
			"to": [9.125, 12.75, 9.25],
			"faces": {
				"north": {"uv": [13, 5, 12.5, 6.25], "texture": "#texture"},
				"east": {"uv": [13.125, 4.875, 12.875, 6.125], "texture": "#texture"},
				"south": {"uv": [13.75, 5.125, 13.25, 6.375], "texture": "#texture"},
				"west": {"uv": [12.875, 4.875, 12.625, 6.125], "texture": "#texture"},
				"up": {"uv": [13.25, 5.375, 13.75, 5.125], "texture": "#texture"},
				"down": {"uv": [13.25, 5.375, 13.75, 5.125], "texture": "#texture"}
			}
		},
		{
			"from": [8.625, 11.5, 8.5],
			"to": [9.125, 12, 9],
			"faces": {
				"east": {"uv": [14.5, 5.875, 14, 6.375], "texture": "#texture"},
				"west": {"uv": [14.5, 5.875, 14, 6.375], "texture": "#texture"},
				"up": {"uv": [14, 6.375, 14.5, 5.875], "texture": "#texture"},
				"down": {"uv": [14, 6.375, 14.5, 5.875], "texture": "#texture"}
			}
		},
		{
			"name": "Left post",
			"from": [13, 0, 6],
			"to": [16, 16, 9],
			"faces": {
				"north": {"uv": [0, 0, 5.375, 16], "texture": "#1"},
				"east": {"uv": [0, 0, 5.375, 16], "texture": "#1"},
				"south": {"uv": [0, 0, 5.375, 16], "texture": "#1"},
				"west": {"uv": [0, 0, 5.375, 16], "texture": "#1"},
				"up": {"uv": [0, 0, 16, 16], "texture": "#2"},
				"down": {"uv": [0, 0, 16, 16], "texture": "#2"}
			}
		},
		{
			"name": "Left post",
			"from": [0, 0, 6],
			"to": [3, 16, 9],
			"faces": {
				"north": {"uv": [0, 0, 5.375, 16], "texture": "#1"},
				"east": {"uv": [0, 0, 5.375, 16], "texture": "#1"},
				"south": {"uv": [0, 0, 5.375, 16], "texture": "#1"},
				"west": {"uv": [0, 0, 5.375, 16], "texture": "#1"},
				"up": {"uv": [0, 0, 16, 16], "texture": "#2"},
				"down": {"uv": [0, 0, 16, 16], "texture": "#2"}
			}
		}
	],
	"display": {
		"ground": {
			"translation": [0, 1.25, 0],
			"scale": [0.6, 0.6, 0.6]
		},
		"gui": {
			"rotation": [30, 135, 0],
			"scale": [0.625, 0.625, 0.625]
		},
		"fixed": {
			"rotation": [0, 90, 0],
			"scale": [0.5, 0.5, 0.5]
		}
	}
}