{
	"credit": "Made with Blockbench",
	"parent": "minecraft:block/block",
	"ambientocclusion": false,
	"textures": {
		"particle": "block/mangrove_planks",
		"texture": "block/mangrove_planks"
	},
	"elements": [
		{
			"name": "Top bar",
			"from": [5.001, 12, 0],
			"to": [6, 15, 8],
			"faces": {
				"north": {"uv": [10, 1, 10.999, 4], "texture": "#texture", "cullface": "north"},
				"east": {"uv": [7, 1, 16, 4], "texture": "#texture"},
				"south": {"uv": [5.001, 1, 6, 4], "texture": "#texture", "cullface": "south"},
				"west": {"uv": [0, 1, 9, 4], "texture": "#texture"},
				"up": {"uv": [7, 5, 16, 6], "rotation": 270, "texture": "#texture"},
				"down": {"uv": [7, 5, 16, 6], "rotation": 90, "texture": "#texture"}
			}
		},
		{
			"name": "Lower bar",
			"from": [5.001, 6, 0],
			"to": [6.01, 9, 8],
			"faces": {
				"north": {"uv": [9.99, 7, 10.999, 10], "texture": "#texture", "cullface": "north"},
				"east": {"uv": [7, 7, 16, 10], "texture": "#texture"},
				"south": {"uv": [5.001, 7, 6.01, 10], "texture": "#texture", "cullface": "south"},
				"west": {"uv": [0, 7, 9, 10], "texture": "#texture"},
				"up": {"uv": [7, 5, 16, 6], "rotation": 270, "texture": "#texture"},
				"down": {"uv": [7, 5, 16, 6], "rotation": 90, "texture": "#texture"}
			}
		},
		{
			"name": "Top bar 3",
			"from": [9.999, 12, 0],
			"to": [10.999, 15, 8],
			"faces": {
				"north": {"uv": [5.001, 1, 6.001, 4], "texture": "#texture", "cullface": "north"},
				"east": {"uv": [7, 1, 16, 4], "texture": "#texture"},
				"south": {"uv": [9.999, 1, 10.999, 4], "texture": "#texture", "cullface": "south"},
				"west": {"uv": [0, 1, 9, 4], "texture": "#texture"},
				"up": {"uv": [7, 5, 16, 6], "rotation": 270, "texture": "#texture"},
				"down": {"uv": [7, 5, 16, 6], "rotation": 90, "texture": "#texture"}
			}
		},
		{
			"name": "Lower bar 3",
			"from": [9.999, 6, 0],
			"to": [10.999, 9, 8],
			"faces": {
				"north": {"uv": [5.001, 7, 6.001, 10], "texture": "#texture", "cullface": "north"},
				"east": {"uv": [7, 7, 16, 10], "texture": "#texture"},
				"south": {"uv": [9.999, 7, 10.999, 10], "texture": "#texture", "cullface": "south"},
				"west": {"uv": [0, 7, 9, 10], "texture": "#texture"},
				"up": {"uv": [7, 5, 16, 6], "rotation": 270, "texture": "#texture"},
				"down": {"uv": [7, 5, 16, 6], "rotation": 90, "texture": "#texture"}
			}
		}
	],
	"display": {
		"gui": {
			"rotation": [30, 135, 0],
			"scale": [0.625, 0.625, 0.625]
		},
		"fixed": {
			"rotation": [0, 90, 0],
			"scale": [0.5, 0.5, 0.5]
		}
	},
	"groups": [
		{
			"name": "group",
			"origin": [0, 0, 0],
			"color": 0,
			"children": [0, 1, 2, 3]
		}
	]
}