{
	"credit": "Made with Blockbench",
	"parent": "minecraft:block/block",
	"ambientocclusion": false,
	"textures": {
		"1": "block/mangrove_log_top",
		"particle": "block/mangrove_log",
		"texture": "block/mangrove_log"
	},
	"elements": [
		{
			"name": "Left post",
			"from": [6, 0, 6],
			"to": [10, 16, 10],
			"faces": {
				"north": {"uv": [0, 0, 5.375, 16], "texture": "#texture"},
				"east": {"uv": [0, 0, 5.375, 16], "texture": "#texture"},
				"south": {"uv": [0, 0, 5.375, 16], "texture": "#texture"},
				"west": {"uv": [0, 0, 5.375, 16], "texture": "#texture"},
				"up": {"uv": [0, 0, 16, 16], "texture": "#1"},
				"down": {"uv": [0, 0, 16, 16], "texture": "#1"}
			}
		}
	],
	"display": {
		"gui": {
			"rotation": [30, 135, 0],
			"scale": [0.625, 0.625, 0.625]
		},
		"fixed": {
			"rotation": [0, 90, 0],
			"scale": [0.5, 0.5, 0.5]
		}
	}
}