{
	"credit": "Made with Blockbench",
	"parent": "minecraft:block/block",
	"ambientocclusion": false,
	"textures": {
		"1": "block/mangrove_log",
		"2": "block/mangrove_log_top",
		"particle": "block/mangrove_planks",
		"texture": "block/mangrove_planks"
	},
	"elements": [
		{
			"name": "l",
			"from": [13.75, 0.75, 10],
			"to": [14.75, 14.25, 12.5],
			"faces": {
				"north": {"uv": [6.5, 14.5, 5.5, 0], "rotation": 180, "texture": "#texture"},
				"east": {"uv": [12, 16, 8.375, 4.625], "rotation": 180, "texture": "#texture"},
				"south": {"uv": [6.625, 14.5, 5.625, 0], "rotation": 180, "texture": "#texture"},
				"west": {"uv": [12, 16, 8.375, 4.625], "rotation": 180, "texture": "#texture"},
				"up": {"uv": [12.375, 6.75, 15.875, 9.125], "rotation": 270, "texture": "#texture"},
				"down": {"uv": [12.375, 6.75, 15.875, 9.125], "rotation": 90, "texture": "#texture"}
			}
		},
		{
			"name": "l",
			"from": [13.75, 1.5, 13.75],
			"to": [14.75, 13.5, 15.25],
			"faces": {
				"north": {"uv": [8.125, 13.25, 6.375, 0.25], "rotation": 180, "texture": "#texture"},
				"east": {"uv": [12.25, 14.5, 8.25, 4.5], "rotation": 180, "texture": "#texture"},
				"south": {"uv": [8.125, 13.25, 6.375, 0.25], "rotation": 180, "texture": "#texture"},
				"west": {"uv": [12.25, 15.875, 8.25, 5.875], "rotation": 180, "texture": "#texture"},
				"up": {"uv": [12.375, 6.75, 15.875, 9.125], "rotation": 270, "texture": "#texture"},
				"down": {"uv": [12.375, 6.75, 15.875, 9.125], "rotation": 90, "texture": "#texture"}
			}
		},
		{
			"name": "l",
			"from": [14, 9.75, 8.75],
			"to": [14.5, 10.75, 13.75],
			"faces": {
				"east": {"uv": [15.875, 4.375, 10.875, 2.5], "rotation": 180, "texture": "#texture"},
				"west": {"uv": [15.875, 4.375, 10.875, 2.5], "rotation": 180, "texture": "#texture"},
				"up": {"uv": [10.875, 3.375, 15.875, 3.875], "rotation": 270, "texture": "#texture"},
				"down": {"uv": [10.875, 3.375, 15.875, 3.875], "rotation": 90, "texture": "#texture"}
			}
		},
		{
			"name": "l",
			"from": [14, 2.75, 8.75],
			"to": [14.5, 3.75, 13.75],
			"faces": {
				"east": {"uv": [15.5, 1.875, 10.5, 0], "rotation": 180, "texture": "#texture"},
				"west": {"uv": [15.5, 1.875, 10.5, 0], "rotation": 180, "texture": "#texture"},
				"up": {"uv": [9.125, 3.25, 14.125, 3.75], "rotation": 270, "texture": "#texture"},
				"down": {"uv": [10.5, 3.375, 15.5, 3.875], "rotation": 90, "texture": "#texture"}
			}
		},
		{
			"name": "Right-hand post",
			"from": [13.5, 0, 7.25],
			"to": [15, 15, 8.75],
			"faces": {
				"north": {"uv": [3, 0, 5.5, 16], "texture": "#texture"},
				"east": {"uv": [6.625, 0, 8.125, 16], "texture": "#texture"},
				"south": {"uv": [8.375, 4.75, 12.125, 15.875], "texture": "#texture"},
				"west": {"uv": [3, 0, 5.5, 16], "texture": "#texture"},
				"up": {"uv": [12.375, 6.75, 14.875, 9.25], "texture": "#texture"},
				"down": {"uv": [12.375, 6.75, 14.875, 9.25], "texture": "#texture"}
			}
		},
		{
			"name": "a",
			"from": [13.25, 11.5, 14.375],
			"to": [13.75, 11.5, 14.875],
			"faces": {
				"north": {"uv": [14.5, 5.875, 14, 6.375], "texture": "#texture"},
				"south": {"uv": [14.5, 5.875, 14, 6.375], "texture": "#texture"},
				"up": {"uv": [14.5, 5.875, 14, 6.375], "rotation": 90, "texture": "#texture"},
				"down": {"uv": [14.5, 5.875, 14, 6.375], "rotation": 270, "texture": "#texture"}
			}
		},
		{
			"name": "a",
			"from": [13, 11.5, 14.375],
			"to": [13.25, 11.75, 14.875],
			"faces": {
				"north": {"uv": [12.875, 4.875, 12.625, 6.125], "texture": "#texture"},
				"east": {"uv": [13, 5, 12.5, 6.25], "texture": "#texture"},
				"south": {"uv": [13.125, 5, 12.875, 6.25], "texture": "#texture"},
				"west": {"uv": [13.75, 5.125, 13.25, 6.375], "texture": "#texture"},
				"up": {"uv": [13.75, 5.125, 13.25, 5.375], "rotation": 90, "texture": "#texture"},
				"down": {"uv": [13.25, 5, 12.75, 5.25], "rotation": 270, "texture": "#texture"}
			}
		},
		{
			"name": "r",
			"from": [1.5, 9.75, 8.75],
			"to": [2, 10.75, 13.75],
			"faces": {
				"east": {"uv": [10, 0, 15, 1.875], "texture": "#texture"},
				"west": {"uv": [10, 0, 15, 1.875], "texture": "#texture"},
				"up": {"uv": [9.125, 1.5, 14.125, 2], "rotation": 90, "texture": "#texture"},
				"down": {"uv": [9.125, 1.5, 14.125, 2], "rotation": 270, "texture": "#texture"}
			}
		},
		{
			"name": "r",
			"from": [1.25, 1.5, 13.75],
			"to": [2.25, 13.5, 15.25],
			"faces": {
				"north": {"uv": [5.5, 3, 6.5, 16], "texture": "#texture"},
				"east": {"uv": [3, 0, 5.5, 10.625], "texture": "#texture"},
				"south": {"uv": [5.5, 0, 6.5, 13], "texture": "#texture"},
				"west": {"uv": [3, 5.375, 5.5, 16], "texture": "#texture"},
				"up": {"uv": [13.375, 7.5, 14.875, 8.5], "rotation": 90, "texture": "#texture"},
				"down": {"uv": [13.375, 7.5, 14.875, 8.5], "rotation": 270, "texture": "#texture"}
			}
		},
		{
			"name": "r",
			"from": [1.25, 0.75, 10],
			"to": [2.25, 14.25, 12.5],
			"faces": {
				"north": {"uv": [1.625, 0, 2.875, 14.5], "texture": "#texture"},
				"east": {"uv": [0, 0, 8.375, 16], "texture": "#texture"},
				"south": {"uv": [1.625, 1.5, 2.875, 16], "texture": "#texture"},
				"west": {"uv": [0, 0, 8.25, 16], "texture": "#texture"},
				"up": {"uv": [12.375, 6.75, 15.875, 9.125], "rotation": 90, "texture": "#texture"},
				"down": {"uv": [12.375, 6.75, 15.875, 9.125], "rotation": 270, "texture": "#texture"}
			}
		},
		{
			"name": "r",
			"from": [1.5, 2.75, 8.75],
			"to": [2, 3.75, 13.75],
			"faces": {
				"east": {"uv": [8.625, 2.5, 16, 4.375], "texture": "#texture"},
				"west": {"uv": [8.625, 2.5, 16, 4.375], "texture": "#texture"},
				"up": {"uv": [8.625, 3.375, 13.625, 3.875], "rotation": 90, "texture": "#texture"},
				"down": {"uv": [8.625, 3.375, 13.625, 3.875], "rotation": 270, "texture": "#texture"}
			}
		},
		{
			"name": "Right-hand post",
			"from": [1, 0, 7.25],
			"to": [2.5, 15, 8.75],
			"faces": {
				"north": {"uv": [0, 0, 1.5, 16], "texture": "#texture"},
				"east": {"uv": [3, 0, 5.625, 16], "texture": "#texture"},
				"south": {"uv": [0, 0, 1.5, 16], "texture": "#texture"},
				"west": {"uv": [3, 0, 5.5, 16], "texture": "#texture"},
				"up": {"uv": [12.375, 6.75, 14.875, 9.25], "texture": "#texture"},
				"down": {"uv": [12.375, 6.75, 14.875, 9.25], "texture": "#texture"}
			}
		},
		{
			"name": "a",
			"from": [2.25, 10.125, 14.25],
			"to": [2.75, 11.375, 14.75],
			"faces": {
				"north": {"uv": [15.875, 5.125, 13.625, 4.625], "rotation": 90, "texture": "#texture"},
				"east": {"uv": [15.875, 4.625, 13.625, 5.125], "rotation": 90, "texture": "#texture"},
				"south": {"uv": [15.875, 5.125, 13.625, 4.625], "rotation": 90, "texture": "#texture"},
				"up": {"uv": [14.875, 5.25, 14.375, 4.75], "texture": "#texture"},
				"down": {"uv": [13.375, 5.375, 12.875, 4.875], "rotation": 180, "texture": "#texture"}
			}
		},
		{
			"name": "Left post",
			"from": [13, 0, 6],
			"to": [16, 16, 9],
			"faces": {
				"north": {"uv": [0, 0, 5.375, 16], "texture": "#1"},
				"east": {"uv": [0, 0, 5.375, 16], "texture": "#1"},
				"south": {"uv": [0, 0, 5.375, 16], "texture": "#1"},
				"west": {"uv": [0, 0, 5.375, 16], "texture": "#1"},
				"up": {"uv": [0, 0, 16, 16], "texture": "#2"},
				"down": {"uv": [0, 0, 16, 16], "texture": "#2"}
			}
		},
		{
			"name": "Left post",
			"from": [0, 0, 6],
			"to": [3, 16, 9],
			"faces": {
				"north": {"uv": [0, 0, 5.375, 16], "texture": "#1"},
				"east": {"uv": [0, 0, 5.375, 16], "texture": "#1"},
				"south": {"uv": [0, 0, 5.375, 16], "texture": "#1"},
				"west": {"uv": [0, 0, 5.375, 16], "texture": "#1"},
				"up": {"uv": [0, 0, 16, 16], "texture": "#2"},
				"down": {"uv": [0, 0, 16, 16], "texture": "#2"}
			}
		}
	],
	"display": {
		"gui": {
			"rotation": [30, 135, 0],
			"scale": [0.625, 0.625, 0.625]
		},
		"fixed": {
			"rotation": [0, 90, 0],
			"scale": [0.5, 0.5, 0.5]
		}
	},
	"groups": [
		{
			"name": "group",
			"origin": [0, 0, 0],
			"color": 0,
			"children": [0, 1, 2, 3, 4, 5, 6]
		},
		{
			"name": "group",
			"origin": [0, 0, 0],
			"color": 0,
			"children": [7, 8, 9, 10, 11, 12]
		},
		13,
		14
	]
}