{
  "parent": "minecraft:block/block",
  "ambientocclusion": false,
  "textures": {
    "texture": "minecraft:block/acacia_planks",
    "particle": "minecraft:block/acacia_planks"
  },
  "elements": [
    {
      "name": "Left post",
      "from": [7.125, 0, 7.125],
      "to": [8.875, 16, 8.875],
      "faces": {
        "north": { "uv": [2.875, 0, 5.375, 16], "texture": "#texture" },
        "east": { "uv": [2.875, 0, 5.375, 16], "texture": "#texture" },
        "south": { "uv": [8.625, 4.75, 12.125, 16], "texture": "#texture" },
        "west": { "uv": [8.625, 4.75, 12.125, 16], "texture": "#texture" },
        "up": { "uv": [12.5, 7, 14.625, 9.125], "texture": "#texture" },
        "down": { "uv": [12.5, 7, 14.625, 9.125], "texture": "#texture" }
      }
    }
  ],
  "display": {
    "gui": {
      "rotation": [30, 135, 0],
      "translation": [0, 0, 0],
      "scale": [0.625, 0.625, 0.625]
    },
    "fixed": {
      "rotation": [0, 90, 0],
      "translation": [0, 0, 0],
      "scale": [0.5, 0.5, 0.5]
    }
  }
}
