{
	"credit": "Made with Blockbench",
	"parent": "minecraft:block/block",
	"ambientocclusion": false,
	"textures": {
		"particle": "block/warped_planks",
		"texture": "block/warped_planks"
	},
	"elements": [
		{
			"name": "Left post",
			"from": [7.5, 0, 0.75],
			"to": [8.5, 12, 2.5],
			"faces": {
				"north": {"uv": [5.375, 0, 6.375, 16], "texture": "#texture"},
				"east": {"uv": [8.375, 4.75, 11.25, 16], "texture": "#texture"},
				"south": {"uv": [5.5, 0, 6.5, 16], "texture": "#texture"},
				"west": {"uv": [8.375, 4.75, 11.25, 16], "texture": "#texture"},
				"up": {"uv": [12.75, 7.125, 14.625, 8.875], "texture": "#texture"},
				"down": {"uv": [12.5, 7, 14.5, 8.75], "texture": "#texture"}
			}
		},
		{
			"name": "Left post",
			"from": [7.5, 0, 4],
			"to": [8.5, 12, 5.75],
			"faces": {
				"north": {"uv": [5.5, 0, 6.625, 16], "texture": "#texture"},
				"east": {"uv": [3, 16, 5.625, 0], "texture": "#texture"},
				"south": {"uv": [5.5, 0, 6.625, 16], "texture": "#texture"},
				"west": {"uv": [5.75, 16, 8.125, 0], "texture": "#texture"},
				"up": {"uv": [12.5, 7.125, 14.375, 8.875], "texture": "#texture"},
				"down": {"uv": [12.5, 7.125, 14.625, 8.875], "texture": "#texture"}
			}
		},
		{
			"name": "Lower bar",
			"from": [7.75, 7.75, 0],
			"to": [8.25, 9.75, 8.75],
			"faces": {
				"north": {"uv": [13, 7, 13.5, 9], "texture": "#texture"},
				"east": {"uv": [8.75, 0, 16, 2], "texture": "#texture"},
				"south": {"uv": [12.5, 7, 13, 9], "texture": "#texture"},
				"west": {"uv": [8.75, 0, 16, 2], "texture": "#texture"},
				"up": {"uv": [5.75, 0, 6.25, 8.75], "texture": "#texture"},
				"down": {"uv": [5.75, 0, 6.25, 8.75], "texture": "#texture"}
			}
		},
		{
			"name": "Lower bar",
			"from": [7.75, 2, 0],
			"to": [8.25, 4, 8.75],
			"faces": {
				"north": {"uv": [13.875, 7.125, 14.375, 9.125], "texture": "#texture"},
				"east": {"uv": [8.875, 2.375, 16, 4.375], "texture": "#texture"},
				"south": {"uv": [14.625, 7, 15.125, 9], "texture": "#texture"},
				"west": {"uv": [8.875, 2.375, 16, 4.375], "texture": "#texture"},
				"up": {"uv": [5.75, 7.25, 6.25, 16], "texture": "#texture"},
				"down": {"uv": [5.75, 7.25, 6.25, 16], "texture": "#texture"}
			}
		}
	],
	"display": {
		"gui": {
			"rotation": [30, 135, 0],
			"scale": [0.625, 0.625, 0.625]
		},
		"fixed": {
			"rotation": [0, 90, 0],
			"scale": [0.5, 0.5, 0.5]
		}
	}
}