{
	"credit": "Made with Blockbench",
	"textures": {
		"particle": "block/nether_bricks",
		"texture": "block/nether_bricks"
	},
	"elements": [
		{
			"from": [6, 0, 6],
			"to": [10, 15, 10],
			"faces": {
				"north": {"uv": [10, 1, 14, 16], "texture": "#texture"},
				"east": {"uv": [10, 1, 14, 16], "texture": "#texture"},
				"south": {"uv": [10, 1, 14, 16], "texture": "#texture"},
				"west": {"uv": [10, 1, 14, 16], "texture": "#texture"},
				"up": {"uv": [6, 12, 10, 16], "texture": "#texture"},
				"down": {"uv": [10, 16, 6, 12], "texture": "#texture"}
			}
		},
		{
			"from": [6.5, 15, 6.5],
			"to": [9.5, 15.5, 9.5],
			"faces": {
				"north": {"uv": [10.5, 0.5, 13.5, 1], "texture": "#texture"},
				"east": {"uv": [10.5, 0.5, 13.5, 1], "texture": "#texture"},
				"south": {"uv": [10.5, 0.5, 13.5, 1], "texture": "#texture"},
				"west": {"uv": [10.5, 0.5, 13.5, 1], "texture": "#texture"},
				"up": {"uv": [6.5, 12.5, 9.5, 15.5], "texture": "#texture"},
				"down": {"uv": [9.5, 15.5, 6.5, 12.5], "texture": "#texture"}
			}
		},
		{
			"from": [7, 15.5, 7],
			"to": [9, 16, 9],
			"faces": {
				"north": {"uv": [11, 0, 13, 0.5], "texture": "#texture"},
				"east": {"uv": [11, 0, 13, 0.5], "texture": "#texture"},
				"south": {"uv": [11, 0, 13, 0.5], "texture": "#texture"},
				"west": {"uv": [11, 0, 13, 0.5], "texture": "#texture"},
				"up": {"uv": [7, 13, 9, 15], "texture": "#texture"},
				"down": {"uv": [9, 15, 7, 13], "texture": "#texture"}
			}
		}
	]
}