{
	"credit": "Made with Blockbench",
	"parent": "minecraft:block/fence/fence_inventory",
	"textures": {
		"1": "block/nether_bricks",
		"particle": "block/nether_bricks",
		"texture": "block/nether_bricks"
	},
	"elements": [
		{
			"from": [12, 0, 6],
			"to": [16, 15, 10],
			"faces": {
				"north": {"uv": [10, 1, 14, 16], "texture": "#1"},
				"east": {"uv": [10, 1, 14, 16], "texture": "#1"},
				"south": {"uv": [10, 1, 14, 16], "texture": "#1"},
				"west": {"uv": [10, 1, 14, 16], "texture": "#1"},
				"up": {"uv": [6, 12, 10, 16], "texture": "#1"},
				"down": {"uv": [10, 16, 6, 12], "texture": "#1"}
			}
		},
		{
			"from": [13, 15.5, 7],
			"to": [15, 16, 9],
			"faces": {
				"north": {"uv": [11, 0, 13, 0.5], "texture": "#1"},
				"east": {"uv": [11, 0, 13, 0.5], "texture": "#1"},
				"south": {"uv": [11, 0, 13, 0.5], "texture": "#1"},
				"west": {"uv": [11, 0, 13, 0.5], "texture": "#1"},
				"up": {"uv": [7, 13, 9, 15], "texture": "#1"},
				"down": {"uv": [9, 15, 7, 13], "texture": "#1"}
			}
		},
		{
			"from": [12.5, 15, 6.5],
			"to": [15.5, 15.5, 9.5],
			"faces": {
				"north": {"uv": [10.5, 0.5, 13.5, 1], "texture": "#1"},
				"east": {"uv": [10.5, 0.5, 13.5, 1], "texture": "#1"},
				"south": {"uv": [10.5, 0.5, 13.5, 1], "texture": "#1"},
				"west": {"uv": [10.5, 0.5, 13.5, 1], "texture": "#1"},
				"up": {"uv": [6.5, 12.5, 9.5, 15.5], "texture": "#1"},
				"down": {"uv": [9.5, 15.5, 6.5, 12.5], "texture": "#1"}
			}
		},
		{
			"from": [0, 0, 6],
			"to": [4, 15, 10],
			"faces": {
				"north": {"uv": [10, 1, 14, 16], "texture": "#1"},
				"east": {"uv": [10, 1, 14, 16], "texture": "#1"},
				"south": {"uv": [10, 1, 14, 16], "texture": "#1"},
				"west": {"uv": [10, 1, 14, 16], "texture": "#1"},
				"up": {"uv": [6, 12, 10, 16], "texture": "#1"},
				"down": {"uv": [10, 16, 6, 12], "texture": "#1"}
			}
		},
		{
			"from": [0.5, 15, 6.5],
			"to": [3.5, 15.5, 9.5],
			"faces": {
				"north": {"uv": [10.5, 0.5, 13.5, 1], "texture": "#1"},
				"east": {"uv": [10.5, 0.5, 13.5, 1], "texture": "#1"},
				"south": {"uv": [10.5, 0.5, 13.5, 1], "texture": "#1"},
				"west": {"uv": [10.5, 0.5, 13.5, 1], "texture": "#1"},
				"up": {"uv": [6.5, 12.5, 9.5, 15.5], "texture": "#1"},
				"down": {"uv": [9.5, 15.5, 6.5, 12.5], "texture": "#1"}
			}
		},
		{
			"from": [1, 15.5, 7],
			"to": [3, 16, 9],
			"faces": {
				"north": {"uv": [11, 0, 13, 0.5], "texture": "#1"},
				"east": {"uv": [11, 0, 13, 0.5], "texture": "#1"},
				"south": {"uv": [11, 0, 13, 0.5], "texture": "#1"},
				"west": {"uv": [11, 0, 13, 0.5], "texture": "#1"},
				"up": {"uv": [7, 13, 9, 15], "texture": "#1"},
				"down": {"uv": [9, 15, 7, 13], "texture": "#1"}
			}
		},
		{
			"from": [4, 12, 7.25],
			"to": [12, 14, 8.75],
			"rotation": {"angle": 0, "axis": "y", "origin": [8, 10, 4]},
			"faces": {
				"north": {"uv": [0, 0, 9, 2], "texture": "#texture"},
				"south": {"uv": [0, 0, 9, 2], "texture": "#texture"},
				"west": {"uv": [4.25, 13.25, 5.75, 15.25], "texture": "#texture", "cullface": "north"},
				"up": {"uv": [4.25, 7, 5.75, 16], "rotation": 270, "texture": "#texture"},
				"down": {"uv": [5.75, 16, 4.25, 7], "rotation": 90, "texture": "#texture"}
			}
		},
		{
			"from": [4, 6, 7.25],
			"to": [12, 8, 8.75],
			"rotation": {"angle": 0, "axis": "y", "origin": [8, 10, 4]},
			"faces": {
				"north": {"uv": [0, 0, 9, 2], "texture": "#texture"},
				"south": {"uv": [0, 0, 9, 2], "texture": "#texture"},
				"west": {"uv": [4.25, 13.5, 5.75, 15.5], "texture": "#texture", "cullface": "north"},
				"up": {"uv": [4.25, 7, 5.75, 16], "rotation": 270, "texture": "#texture"},
				"down": {"uv": [5.75, 16, 4.25, 7], "rotation": 90, "texture": "#texture"}
			}
		},
		{
			"from": [4, 10, 7.25],
			"to": [12, 11, 8.75],
			"rotation": {"angle": 0, "axis": "y", "origin": [8, 10, 4]},
			"faces": {
				"north": {"uv": [0, 2, 9, 3], "texture": "#texture"},
				"south": {"uv": [0, 2, 9, 3], "texture": "#texture"},
				"west": {"uv": [4.25, 13.5, 5.75, 14.5], "texture": "#texture", "cullface": "north"},
				"up": {"uv": [4.25, 7, 5.75, 16], "rotation": 270, "texture": "#texture"},
				"down": {"uv": [5.75, 16, 4.25, 7], "rotation": 90, "texture": "#texture"}
			}
		}
	],
	"display": {
		"thirdperson_righthand": {
			"rotation": [47, 0, 0],
			"scale": [0.51, 0.51, 0.51]
		},
		"thirdperson_lefthand": {
			"scale": [0.51, 0.51, 0.51]
		},
		"firstperson_righthand": {
			"scale": [0.6, 0.6, 0.59]
		},
		"firstperson_lefthand": {
			"scale": [0.6, 0.6, 0.6]
		},
		"ground": {
			"translation": [0, 1.5, 0],
			"scale": [0.6, 0.6, 0.6]
		},
		"gui": {
			"rotation": [28, 34, 0],
			"scale": [0.7, 0.7, 0.7]
		},
		"head": {
			"translation": [0, -13.75, 7.25]
		}
	},
	"groups": [
		{
			"name": "group",
			"origin": [0, 0, 0],
			"color": 0,
			"children": [0, 1, 2]
		},
		{
			"name": "group",
			"origin": [0, 0, 0],
			"color": 0,
			"children": [3, 4, 5]
		},
		{
			"name": "group",
			"origin": [0, 0, 0],
			"color": 0,
			"children": [6, 7, 8]
		}
	]
}