{
  "textures": {
    "particle": "#texture",
    "texture": "minecraft:block/nether_bricks"
  },
  "elements": [
    {
      "from": [7.25, 12, 0],
      "to": [8.75, 14, 9],
      "faces": {
        "down": { "uv": [5.75, 16, 4.25, 7], "texture": "#texture" },
        "up": { "uv": [4.25, 7, 5.75, 16], "texture": "#texture" },
        "north": {
          "uv": [4.25, 13.25, 5.75, 15.25],
          "texture": "#texture",
          "cullface": "north"
        },
        "west": { "uv": [0, 0, 9, 2], "texture": "#texture" },
        "east": { "uv": [0, 0, 9, 2], "texture": "#texture" }
      }
    },
    {
      "from": [7.25, 6, 0],
      "to": [8.75, 8, 9],
      "faces": {
        "down": { "uv": [5.75, 16, 4.25, 7], "texture": "#texture" },
        "up": { "uv": [4.25, 7, 5.75, 16], "texture": "#texture" },
        "north": {
          "uv": [4.25, 13.5, 5.75, 15.5],
          "texture": "#texture",
          "cullface": "north"
        },
        "west": { "uv": [0, 0, 9, 2], "texture": "#texture" },
        "east": { "uv": [0, 0, 9, 2], "texture": "#texture" }
      }
    },
    {
      "from": [7.25, 10, 0],
      "to": [8.75, 11, 9],
      "faces": {
        "down": { "uv": [5.75, 16, 4.25, 7], "texture": "#texture" },
        "up": { "uv": [4.25, 7, 5.75, 16], "texture": "#texture" },
        "north": {
          "uv": [4.25, 13.5, 5.75, 14.5],
          "texture": "#texture",
          "cullface": "north"
        },
        "west": { "uv": [0, 2, 9, 3], "texture": "#texture" },
        "east": { "uv": [0, 2, 9, 3], "texture": "#texture" }
      }
    }
  ]
}
