{
	"credit": "Made with Blockbench",
	"parent": "minecraft:block/block",
	"ambientocclusion": false,
	"textures": {
		"2": "block/cherry_planks",
		"particle": "block/cherry_planks"
	},
	"elements": [
		{
			"name": "Left-hand post",
			"from": [0, 4, 6],
			"to": [2, 15, 10],
			"faces": {
				"north": {"uv": [11, 0, 13, 11], "texture": "#2"},
				"east": {"uv": [11.5, 0, 13.5, 11], "texture": "#2"},
				"south": {"uv": [11, 0, 13, 11], "texture": "#2"},
				"west": {"uv": [11, 0, 13, 11], "texture": "#2", "cullface": "west"},
				"up": {"uv": [0, 8, 2, 10], "texture": "#2"},
				"down": {"uv": [2, 10, 0, 8], "texture": "#2"}
			}
		},
		{
			"name": "Right-hand post",
			"from": [14, 4, 6],
			"to": [16, 15, 10],
			"faces": {
				"north": {"uv": [10.5, 0, 12.5, 11], "texture": "#2"},
				"east": {"uv": [10.75, 0, 12.75, 11], "texture": "#2", "cullface": "east"},
				"south": {"uv": [10.5, 0, 12.5, 11], "texture": "#2"},
				"west": {"uv": [10.5, 0, 12.5, 11], "texture": "#2"},
				"up": {"uv": [0, 8, 2, 10], "texture": "#2"},
				"down": {"uv": [2, 10, 0, 8], "texture": "#2"}
			}
		},
		{
			"name": "Inner vertical post of left-hand gate door",
			"from": [6, 5, 6],
			"to": [8, 14, 10],
			"faces": {
				"north": {"uv": [4, 7, 6, 16], "texture": "#2"},
				"east": {"uv": [4, 7, 6, 16], "texture": "#2"},
				"south": {"uv": [4, 7, 6, 16], "texture": "#2"},
				"west": {"uv": [4, 7, 6, 16], "texture": "#2"},
				"up": {"uv": [0, 8, 2, 10], "texture": "#2"},
				"down": {"uv": [2, 10, 0, 8], "texture": "#2"}
			}
		},
		{
			"name": "Inner vertical post of right-hand gate door",
			"from": [8, 5, 6],
			"to": [10, 14, 10],
			"faces": {
				"north": {"uv": [4, 7, 6, 16], "texture": "#2"},
				"east": {"uv": [4, 7, 6, 16], "texture": "#2"},
				"south": {"uv": [4, 7, 6, 16], "texture": "#2"},
				"west": {"uv": [4, 7, 6, 16], "texture": "#2"},
				"up": {"uv": [0, 8, 2, 10], "texture": "#2"},
				"down": {"uv": [2, 10, 0, 8], "texture": "#2"}
			}
		},
		{
			"name": "Lower horizontal bar of left-hand gate door",
			"from": [2, 5, 6],
			"to": [6, 8, 10],
			"faces": {
				"north": {"uv": [0, 10, 4, 13], "texture": "#2"},
				"south": {"uv": [0, 10, 4, 13], "texture": "#2"},
				"up": {"uv": [0, 13.5, 4, 15.5], "texture": "#2"},
				"down": {"uv": [4, 15.5, 0, 13.5], "texture": "#2"}
			}
		},
		{
			"name": "Upper horizontal bar of left-hand gate door",
			"from": [2, 11, 6],
			"to": [6, 14, 10],
			"faces": {
				"north": {"uv": [0, 13, 4, 16], "texture": "#2"},
				"south": {"uv": [0, 13, 4, 16], "texture": "#2"},
				"up": {"uv": [0, 10.75, 4, 12.75], "texture": "#2"},
				"down": {"uv": [4, 12.75, 0, 10.75], "texture": "#2"}
			}
		},
		{
			"name": "Lower horizontal bar of right-hand gate door",
			"from": [10, 5, 6],
			"to": [14, 8, 10],
			"faces": {
				"north": {"uv": [0, 13, 4, 16], "texture": "#2"},
				"south": {"uv": [0, 13, 4, 16], "texture": "#2"},
				"up": {"uv": [0, 10.5, 4, 12.5], "texture": "#2"},
				"down": {"uv": [4, 12.5, 0, 10.5], "texture": "#2"}
			}
		},
		{
			"name": "Upper horizontal bar of right-hand gate door",
			"from": [10, 11, 6],
			"to": [14, 14, 10],
			"faces": {
				"north": {"uv": [0, 10, 4, 13], "texture": "#2"},
				"south": {"uv": [0, 10, 4, 13], "texture": "#2"},
				"up": {"uv": [0, 13.5, 4, 15.5], "texture": "#2"},
				"down": {"uv": [4, 15.5, 0, 13.5], "texture": "#2"}
			}
		}
	],
	"display": {
		"thirdperson_righthand": {
			"scale": [0.6, 0.6, 0.6]
		},
		"thirdperson_lefthand": {
			"scale": [0.6, 0.6, 0.6]
		},
		"ground": {
			"scale": [0.6, 0.6, 0.6]
		},
		"gui": {
			"rotation": [30, 135, 0],
			"scale": [0.625, 0.625, 0.625]
		},
		"fixed": {
			"scale": [0.6, 0.6, 0.6]
		}
	}
}