{
	"credit": "Made with Blockbench",
	"parent": "minecraft:block/block",
	"ambientocclusion": false,
	"textures": {
		"2": "block/cherry_planks",
		"particle": "block/cherry_planks"
	},
	"elements": [
		{
			"name": "Left-hand post",
			"from": [1, 4, 7],
			"to": [4, 15, 9],
			"faces": {
				"north": {"uv": [14, 0, 16, 16], "texture": "#2"},
				"east": {"uv": [11.25, 0, 13.25, 16], "texture": "#2"},
				"south": {"uv": [8.75, 0, 10.75, 16], "texture": "#2"},
				"west": {"uv": [6, 0, 8, 15.875], "texture": "#2", "cullface": "west"},
				"up": {"uv": [0, 8, 2.625, 10], "texture": "#2"},
				"down": {"uv": [2.625, 10, 0, 8], "texture": "#2"}
			}
		},
		{
			"name": "Inner vertical post of left-hand gate door",
			"from": [1, 5, 13],
			"to": [4, 14, 15],
			"faces": {
				"north": {"uv": [6, 0, 8, 16], "texture": "#2"},
				"east": {"uv": [6, 0, 8, 16], "texture": "#2"},
				"south": {"uv": [5.875, 0, 7.875, 16], "texture": "#2"},
				"west": {"uv": [5.875, 0, 7.875, 16], "texture": "#2"},
				"up": {"uv": [0, 8, 2, 10], "texture": "#2"},
				"down": {"uv": [2, 10, 0, 8], "texture": "#2"}
			}
		},
		{
			"name": "Lower horizontal bar of left-hand gate door",
			"from": [1, 5, 9],
			"to": [4, 8, 13],
			"faces": {
				"east": {"uv": [0, 10, 2.625, 13], "texture": "#2"},
				"west": {"uv": [0, 10, 2.625, 13], "texture": "#2"},
				"up": {"uv": [11, 1, 13, 6.5], "texture": "#2"},
				"down": {"uv": [12.75, 8, 10.75, 1], "texture": "#2"}
			}
		},
		{
			"name": "Upper horizontal bar of left-hand gate door",
			"from": [1, 11, 9],
			"to": [4, 14, 13],
			"faces": {
				"east": {"uv": [0, 13, 2.625, 16], "texture": "#2"},
				"west": {"uv": [0, 13, 2.625, 16], "texture": "#2"},
				"up": {"uv": [10.75, 8.75, 12.75, 14.25], "texture": "#2"},
				"down": {"uv": [12.75, 15.5, 10.75, 8.5], "texture": "#2"}
			}
		},
		{
			"name": "Right-hand post",
			"from": [13, 4, 7],
			"to": [16, 15, 9],
			"faces": {
				"north": {"uv": [13.25, 0, 15.25, 16], "texture": "#2"},
				"east": {"uv": [10.75, 0, 12.75, 16], "texture": "#2", "cullface": "east"},
				"south": {"uv": [8, 0, 10, 16], "texture": "#2"},
				"west": {"uv": [5.5, 0, 7.5, 15.875], "texture": "#2"},
				"up": {"uv": [0, 8, 2.625, 10], "texture": "#2"},
				"down": {"uv": [2.625, 10, 0, 8], "texture": "#2"}
			}
		},
		{
			"name": "Inner vertical post of right-hand gate door",
			"from": [13, 5, 13],
			"to": [16, 14, 15],
			"faces": {
				"north": {"uv": [6, 0, 8, 16], "texture": "#2"},
				"east": {"uv": [6, 0, 8, 16], "texture": "#2"},
				"south": {"uv": [5.875, 0, 7.875, 16], "texture": "#2"},
				"west": {"uv": [5.875, 0, 7.875, 16], "texture": "#2"},
				"up": {"uv": [0, 8, 2, 10], "texture": "#2"},
				"down": {"uv": [2, 10, 0, 8], "texture": "#2"}
			}
		},
		{
			"name": "Lower horizontal bar of left-hand gate door",
			"from": [13, 5, 9],
			"to": [16, 8, 13],
			"faces": {
				"east": {"uv": [0, 13, 2.625, 16], "texture": "#2"},
				"west": {"uv": [0, 13, 2.625, 16], "texture": "#2"},
				"up": {"uv": [10.75, 9.25, 12.75, 14.75], "texture": "#2"},
				"down": {"uv": [12.75, 15.75, 10.75, 8.75], "texture": "#2"}
			}
		},
		{
			"name": "Upper horizontal bar of left-hand gate door",
			"from": [13, 11, 9],
			"to": [16, 14, 13],
			"faces": {
				"east": {"uv": [0, 10, 2.625, 13], "texture": "#2"},
				"west": {"uv": [0, 10, 2.625, 13], "texture": "#2"},
				"up": {"uv": [10.75, 9.75, 12.75, 15.25], "texture": "#2"},
				"down": {"uv": [12.75, 15.75, 10.75, 8.75], "texture": "#2"}
			}
		}
	],
	"display": {
		"gui": {
			"rotation": [30, 135, 0],
			"scale": [0.625, 0.625, 0.625]
		},
		"fixed": {
			"rotation": [0, 90, 0],
			"scale": [0.5, 0.5, 0.5]
		}
	},
	"groups": [
		{
			"name": "group",
			"origin": [0, 0, 0],
			"color": 0,
			"children": [0, 1, 2, 3]
		},
		{
			"name": "group",
			"origin": [0, 0, 0],
			"color": 0,
			"children": [4, 5, 6, 7]
		}
	]
}