{
	"credit": "Made with Blockbench",
	"parent": "minecraft:block/block",
	"ambientocclusion": false,
	"textures": {
		"1": "block/cherry_planks"
	},
	"elements": [
		{
			"name": "Left post",
			"from": [6, 0, 0],
			"to": [10, 16, 4],
			"faces": {
				"north": {"uv": [10, 0, 14, 16], "texture": "#1"},
				"east": {"uv": [10, 0, 14, 16], "texture": "#1"},
				"south": {"uv": [10, 0, 14, 16], "texture": "#1"},
				"west": {"uv": [10, 0, 14, 16], "texture": "#1"},
				"up": {"uv": [6, 12.125, 10, 16], "texture": "#1"},
				"down": {"uv": [6, 12.125, 9.875, 16], "texture": "#1", "cullface": "down"}
			}
		},
		{
			"name": "Right post",
			"from": [6, 0, 12],
			"to": [10, 16, 16],
			"faces": {
				"north": {"uv": [10, 0, 14, 16], "texture": "#1"},
				"east": {"uv": [10, 0, 14, 16], "texture": "#1"},
				"south": {"uv": [10, 0, 14, 16], "texture": "#1"},
				"west": {"uv": [10, 0, 14, 16], "texture": "#1"},
				"up": {"uv": [6, 12, 10, 16], "texture": "#1"},
				"down": {"uv": [6, 12, 10, 16], "texture": "#1", "cullface": "down"}
			}
		},
		{
			"name": "Top bar",
			"from": [5.001, 12, 0],
			"to": [6, 15, 8],
			"faces": {
				"north": {"uv": [10, 1, 10.999, 4], "texture": "#1", "cullface": "north"},
				"east": {"uv": [7, 1, 16, 4], "texture": "#1"},
				"south": {"uv": [5.001, 1, 6, 4], "texture": "#1", "cullface": "south"},
				"west": {"uv": [0, 1, 9, 4], "texture": "#1"},
				"up": {"uv": [7, 5, 16, 6], "rotation": 270, "texture": "#1"},
				"down": {"uv": [7, 5, 16, 6], "rotation": 90, "texture": "#1"}
			}
		},
		{
			"name": "Lower bar",
			"from": [5.001, 6, 0],
			"to": [6.01, 9, 8],
			"faces": {
				"north": {"uv": [9.99, 7, 10.999, 10], "texture": "#1", "cullface": "north"},
				"east": {"uv": [7, 7, 16, 10], "texture": "#1"},
				"south": {"uv": [5.001, 7, 6.01, 10], "texture": "#1", "cullface": "south"},
				"west": {"uv": [0, 7, 9, 10], "texture": "#1"},
				"up": {"uv": [7, 5, 16, 6], "rotation": 270, "texture": "#1"},
				"down": {"uv": [7, 5, 16, 6], "rotation": 90, "texture": "#1"}
			}
		},
		{
			"name": "Top bar 3",
			"from": [9.999, 12, 0],
			"to": [10.999, 15, 8],
			"faces": {
				"north": {"uv": [5.001, 1, 6.001, 4], "texture": "#1", "cullface": "north"},
				"east": {"uv": [7, 1, 16, 4], "texture": "#1"},
				"south": {"uv": [9.999, 1, 10.999, 4], "texture": "#1", "cullface": "south"},
				"west": {"uv": [0, 1, 9, 4], "texture": "#1"},
				"up": {"uv": [7, 5, 16, 6], "rotation": 270, "texture": "#1"},
				"down": {"uv": [7, 5, 16, 6], "rotation": 90, "texture": "#1"}
			}
		},
		{
			"name": "Lower bar 3",
			"from": [9.999, 6, 0],
			"to": [10.999, 9, 8],
			"faces": {
				"north": {"uv": [5.001, 7, 6.001, 10], "texture": "#1", "cullface": "north"},
				"east": {"uv": [7, 7, 16, 10], "texture": "#1"},
				"south": {"uv": [9.999, 7, 10.999, 10], "texture": "#1", "cullface": "south"},
				"west": {"uv": [0, 7, 9, 10], "texture": "#1"},
				"up": {"uv": [7, 5, 16, 6], "rotation": 270, "texture": "#1"},
				"down": {"uv": [7, 5, 16, 6], "rotation": 90, "texture": "#1"}
			}
		},
		{
			"name": "Side Post 3",
			"from": [4, 0, 6.75],
			"to": [5, 16, 9.75],
			"faces": {
				"north": {"uv": [4, 0, 5, 16], "texture": "#1"},
				"east": {"uv": [10, 0, 13, 16], "texture": "#1"},
				"south": {"uv": [4, 0, 5, 16], "texture": "#1"},
				"west": {"uv": [3, 0, 6, 16], "texture": "#1"},
				"up": {"uv": [4, 3, 5, 6], "texture": "#1"},
				"down": {"uv": [4, 10, 5, 13], "texture": "#1"}
			}
		},
		{
			"name": "Top bar",
			"from": [5.001, 12, 8],
			"to": [6, 15, 16],
			"faces": {
				"north": {"uv": [10, 1, 10.999, 4], "texture": "#1", "cullface": "north"},
				"east": {"uv": [7, 1, 16, 4], "texture": "#1"},
				"south": {"uv": [5.001, 1, 6, 4], "texture": "#1", "cullface": "south"},
				"west": {"uv": [0, 1, 9, 4], "texture": "#1"},
				"up": {"uv": [7, 5, 16, 6], "rotation": 270, "texture": "#1"},
				"down": {"uv": [7, 5, 16, 6], "rotation": 90, "texture": "#1"}
			}
		},
		{
			"name": "Lower bar",
			"from": [5.001, 6, 8],
			"to": [6.01, 9, 16],
			"faces": {
				"north": {"uv": [9.99, 7, 10.999, 10], "texture": "#1", "cullface": "north"},
				"east": {"uv": [7, 7, 16, 10], "texture": "#1"},
				"south": {"uv": [5.001, 7, 6.01, 10], "texture": "#1", "cullface": "south"},
				"west": {"uv": [0, 7, 9, 10], "texture": "#1"},
				"up": {"uv": [7, 5, 16, 6], "rotation": 270, "texture": "#1"},
				"down": {"uv": [7, 5, 16, 6], "rotation": 90, "texture": "#1"}
			}
		},
		{
			"name": "Top bar 4",
			"from": [9.999, 12, 8],
			"to": [10.999, 15, 16],
			"faces": {
				"north": {"uv": [5.001, 1, 6.001, 4], "texture": "#1", "cullface": "north"},
				"east": {"uv": [7, 1, 16, 4], "texture": "#1"},
				"south": {"uv": [9.999, 1, 10.999, 4], "texture": "#1", "cullface": "south"},
				"west": {"uv": [0, 1, 9, 4], "texture": "#1"},
				"up": {"uv": [7, 5, 16, 6], "rotation": 270, "texture": "#1"},
				"down": {"uv": [7, 5, 16, 6], "rotation": 90, "texture": "#1"}
			}
		},
		{
			"name": "Lower bar 4",
			"from": [9.999, 6, 8],
			"to": [10.999, 9, 16],
			"faces": {
				"north": {"uv": [5.001, 7, 6.001, 10], "texture": "#1", "cullface": "north"},
				"east": {"uv": [7, 7, 16, 10], "texture": "#1"},
				"south": {"uv": [9.999, 7, 10.999, 10], "texture": "#1", "cullface": "south"},
				"west": {"uv": [0, 7, 9, 10], "texture": "#1"},
				"up": {"uv": [7, 5, 16, 6], "rotation": 270, "texture": "#1"},
				"down": {"uv": [7, 5, 16, 6], "rotation": 90, "texture": "#1"}
			}
		},
		{
			"name": "Side Post 3",
			"from": [11, 0, 6.5],
			"to": [12, 16, 9.5],
			"faces": {
				"north": {"uv": [4, 0, 5, 16], "texture": "#1"},
				"east": {"uv": [13, 0, 16, 16], "texture": "#1"},
				"south": {"uv": [4, 0, 5, 16], "texture": "#1"},
				"west": {"uv": [0, 0, 3, 16], "texture": "#1"},
				"up": {"uv": [11, 0, 12, 3], "texture": "#1"},
				"down": {"uv": [11, 13, 12, 16], "texture": "#1"}
			}
		}
	],
	"display": {
		"thirdperson_righthand": {
			"scale": [0.6, 0.6, 0.6]
		},
		"thirdperson_lefthand": {
			"scale": [0.6, 0.6, 0.6]
		},
		"ground": {
			"translation": [0, 2.5, 0],
			"scale": [0.6, 0.6, 0.6]
		},
		"gui": {
			"rotation": [30, 135, 0],
			"scale": [0.625, 0.625, 0.625]
		},
		"fixed": {
			"rotation": [0, 90, 0],
			"scale": [0.5, 0.5, 0.5]
		}
	},
	"groups": [
		0,
		1,
		{
			"name": "group",
			"origin": [0, 0, 0],
			"color": 0,
			"children": [2, 3, 4, 5, 6]
		},
		{
			"name": "group",
			"origin": [0, 0, 0],
			"color": 0,
			"children": [7, 8, 9, 10, 11]
		}
	]
}