{
	"credit": "Made with Blockbench",
	"parent": "minecraft:block/block",
	"ambientocclusion": false,
	"textures": {
		"particle": "block/crimson_planks",
		"texture": "block/crimson_planks"
	},
	"elements": [
		{
			"name": "Left post",
			"from": [7.125, 0, 7.125],
			"to": [8.875, 16, 8.875],
			"faces": {
				"north": {"uv": [0, 0, 2.5, 16], "texture": "#texture"},
				"east": {"uv": [2.625, 0, 5.125, 16], "texture": "#texture"},
				"south": {"uv": [5.125, 0, 7.625, 16], "texture": "#texture"},
				"west": {"uv": [7.75, 0, 10.25, 16], "texture": "#texture"},
				"up": {"uv": [8.25, 7.375, 10.375, 9.5], "texture": "#texture"},
				"down": {"uv": [11.125, 4.125, 13.25, 6.25], "texture": "#texture"}
			}
		}
	],
	"display": {
		"gui": {
			"rotation": [30, 135, 0],
			"scale": [0.625, 0.625, 0.625]
		},
		"fixed": {
			"rotation": [0, 90, 0],
			"scale": [0.5, 0.5, 0.5]
		}
	}
}