{
	"credit": "Made with Blockbench",
	"parent": "minecraft:block/block",
	"ambientocclusion": false,
	"textures": {
		"particle": "block/crimson_planks",
		"texture": "block/crimson_planks"
	},
	"elements": [
		{
			"name": "Left post",
			"from": [7.5, 0, 0.75],
			"to": [8.5, 16, 2.5],
			"faces": {
				"north": {"uv": [0, 0, 1.125, 16], "texture": "#texture"},
				"east": {"uv": [1.5, 0, 3, 16], "texture": "#texture"},
				"south": {"uv": [5.5, 0, 6.5, 16], "texture": "#texture"},
				"west": {"uv": [3.25, 0, 4.75, 16], "texture": "#texture"},
				"up": {"uv": [10.875, 4.25, 12.75, 6], "texture": "#texture"},
				"down": {"uv": [8.125, 7.625, 10.125, 9.375], "texture": "#texture"}
			}
		},
		{
			"name": "Left post",
			"from": [7.5, 0, 4],
			"to": [8.5, 16, 5.75],
			"faces": {
				"north": {"uv": [5.5, 0, 6.625, 16], "texture": "#texture"},
				"east": {"uv": [8.75, 16, 10.625, 0], "texture": "#texture"},
				"south": {"uv": [4.125, 0, 5.25, 16], "texture": "#texture"},
				"west": {"uv": [0, 16, 1.625, 0], "texture": "#texture"},
				"up": {"uv": [13.375, 4.125, 15.25, 5.875], "texture": "#texture"},
				"down": {"uv": [12.5, 14, 14.625, 15.75], "texture": "#texture"}
			}
		},
		{
			"name": "Lower bar",
			"from": [7.75, 9.75, 0],
			"to": [8.25, 11.75, 8.75],
			"faces": {
				"north": {"uv": [13, 7, 13.5, 9], "texture": "#texture"},
				"east": {"uv": [0, 3.5, 16, 6.625], "texture": "#texture"},
				"south": {"uv": [12.5, 7, 13, 9], "texture": "#texture"},
				"west": {"uv": [0, 3.5, 16, 6.625], "texture": "#texture"},
				"up": {"uv": [5.75, 0, 6.25, 8.75], "texture": "#texture"},
				"down": {"uv": [5.75, 0, 6.25, 8.75], "texture": "#texture"}
			}
		},
		{
			"name": "Lower bar",
			"from": [7.75, 2.75, 0],
			"to": [8.25, 4.75, 8.75],
			"faces": {
				"north": {"uv": [13.875, 7.125, 14.375, 9.125], "texture": "#texture"},
				"east": {"uv": [0, 0, 16, 3.375], "texture": "#texture"},
				"south": {"uv": [14.625, 7, 15.125, 9], "texture": "#texture"},
				"west": {"uv": [0, 9.875, 16, 13], "texture": "#texture"},
				"up": {"uv": [5.75, 7.25, 6.25, 16], "texture": "#texture"},
				"down": {"uv": [5.75, 7.25, 6.25, 16], "texture": "#texture"}
			}
		}
	],
	"display": {
		"gui": {
			"rotation": [30, 135, 0],
			"scale": [0.625, 0.625, 0.625]
		},
		"fixed": {
			"rotation": [0, 90, 0],
			"scale": [0.5, 0.5, 0.5]
		}
	}
}