{
	"credit": "Made with Blockbench",
	"parent": "minecraft:block/block",
	"ambientocclusion": false,
	"textures": {
		"particle": "block/bamboo_stalk",
		"texture": "block/bamboo_stalk"
	},
	"elements": [
		{
			"name": "Left post",
			"from": [7.5, 0, 3.5],
			"to": [8.75, 12, 5.75],
			"faces": {
				"north": {"uv": [3, 0, 6, 16], "texture": "#texture"},
				"east": {"uv": [3.125, 0, 5.875, 16], "texture": "#texture"},
				"south": {"uv": [3.125, 0, 6, 16], "texture": "#texture"},
				"west": {"uv": [3, 0, 6, 16], "texture": "#texture"},
				"up": {"uv": [14.5, 0.125, 15.625, 2.375], "texture": "#texture"},
				"down": {"uv": [14.875, 0, 16, 2.25], "texture": "#texture"}
			}
		},
		{
			"name": "Left post",
			"from": [7.5, 0, 6.75],
			"to": [8.75, 12, 9],
			"faces": {
				"north": {"uv": [0, 0, 1.25, 16], "texture": "#texture"},
				"east": {"uv": [0, 0, 2.25, 16], "texture": "#texture"},
				"south": {"uv": [0, 0, 1.25, 16], "texture": "#texture"},
				"west": {"uv": [0, 0, 2.25, 16], "texture": "#texture"},
				"up": {"uv": [14.5, 0.125, 15.625, 2.375], "texture": "#texture"},
				"down": {"uv": [14.875, 0, 16, 2.25], "texture": "#texture"}
			}
		},
		{
			"name": "Left post",
			"from": [7.5, 0, 10.25],
			"to": [8.75, 12, 12.5],
			"faces": {
				"north": {"uv": [0, 0, 1.25, 16], "texture": "#texture"},
				"east": {"uv": [0, 0, 2.25, 16], "texture": "#texture"},
				"south": {"uv": [0, 0, 1.25, 16], "texture": "#texture"},
				"west": {"uv": [0, 0, 2.25, 16], "texture": "#texture"},
				"up": {"uv": [13.125, 0, 14.375, 2.25], "texture": "#texture"},
				"down": {"uv": [12.875, 0, 14.125, 2.25], "texture": "#texture"}
			}
		},
		{
			"name": "Left post",
			"from": [7, 0, 0],
			"to": [9.25, 12, 2.25],
			"faces": {
				"north": {"uv": [0, 0, 3, 16], "texture": "#texture"},
				"east": {"uv": [0, 0, 2.75, 16], "texture": "#texture"},
				"south": {"uv": [0, 0, 2.875, 16], "texture": "#texture"},
				"west": {"uv": [0, 0, 3, 16], "texture": "#texture"},
				"up": {"uv": [13, 0.125, 15.25, 2.375], "texture": "#texture"},
				"down": {"uv": [12.75, 0, 15, 2.25], "texture": "#texture"}
			}
		},
		{
			"name": "Right post",
			"from": [7, 0, 14],
			"to": [9, 12, 16],
			"faces": {
				"north": {"uv": [0, 0, 2, 16], "texture": "#texture"},
				"east": {"uv": [0, 0, 2, 16], "texture": "#texture"},
				"south": {"uv": [0, 0, 2, 16], "texture": "#texture"},
				"west": {"uv": [0, 0, 2, 16], "texture": "#texture"},
				"up": {"uv": [13.625, 0.125, 15.625, 2.125], "texture": "#texture"},
				"down": {"uv": [14, 0, 16, 2], "texture": "#texture"}
			}
		},
		{
			"name": "Top bar",
			"from": [7.75, 7.75, -2],
			"to": [8.5, 9.75, 18],
			"faces": {
				"north": {"uv": [13.5, 4.5, 14.25, 6.5], "texture": "#texture"},
				"east": {"uv": [8.75, 13.875, 16, 15.875], "texture": "#texture"},
				"south": {"uv": [13.625, 4.375, 14.375, 6.375], "texture": "#texture"},
				"west": {"uv": [9.25, 13.875, 16, 15.875], "texture": "#texture"},
				"up": {"uv": [0, 0, 0.75, 16], "texture": "#texture"},
				"down": {"uv": [0, 6.25, 0.75, 12.5], "texture": "#texture"}
			}
		},
		{
			"name": "Lower bar",
			"from": [7.75, 2.25, -2],
			"to": [8.5, 4.25, 18],
			"faces": {
				"north": {"uv": [14.375, 4.5, 15.125, 6.5], "texture": "#texture"},
				"east": {"uv": [8.875, 14, 16, 16], "texture": "#texture"},
				"south": {"uv": [14.375, 4.5, 15.125, 6.5], "texture": "#texture"},
				"west": {"uv": [8.875, 14, 16, 16], "texture": "#texture"},
				"up": {"uv": [0, 0, 0.75, 16], "texture": "#texture"},
				"down": {"uv": [0, 6.25, 0.75, 12.5], "texture": "#texture"}
			}
		}
	],
	"display": {
		"thirdperson_righthand": {
			"scale": [0.6, 0.6, 0.6]
		},
		"thirdperson_lefthand": {
			"scale": [0.6, 0.6, 0.6]
		},
		"ground": {
			"translation": [0, 5, 0],
			"scale": [0.6, 0.6, 0.6]
		},
		"gui": {
			"rotation": [30, 135, 0],
			"scale": [0.625, 0.625, 0.625]
		},
		"fixed": {
			"rotation": [0, 90, 0],
			"scale": [0.5, 0.5, 0.5]
		}
	},
	"groups": [
		0,
		1,
		2,
		3,
		4,
		{
			"name": "group",
			"origin": [0, 0, 0],
			"color": 0,
			"children": [5, 6]
		}
	]
}