{
	
	"parent": "minecraft:block/block",
	"ambientocclusion": false,
	"textures": {
		"particle": "block/bamboo_stalk",
		"texture": "block/bamboo_stalk"
	},
	"elements": [
		{
			"name": "l",
			"from": [15, 0.75, 10.75],
			"to": [16, 13.75, 13.25],
			"faces": {
				"north": {"uv": [6, 0, 8.875, 16], "texture": "#texture"},
				"east": {"uv": [6, 0, 8.875, 16], "texture": "#texture"},
				"south": {"uv": [6, 0, 9, 16], "texture": "#texture"},
				"west": {"uv": [6, 0, 8.875, 16], "texture": "#texture"},
				"up": {"uv": [13.125, 4.125, 16, 6.625], "rotation": 270, "texture": "#texture"},
				"down": {"uv": [13.125, 4.125, 16, 6.625], "rotation": 90, "texture": "#texture"}
			}
		},
		{
			"name": "l",
			"from": [15.25, 7.75, 9.5],
			"to": [15.75, 9.75, 14.5],
			"faces": {
				"east": {"uv": [8.5, 0, 16, 1.875], "texture": "#texture"},
				"west": {"uv": [8.5, 0, 16, 1.875], "texture": "#texture"},
				"up": {"uv": [9.875, 1.125, 14.875, 1.625], "rotation": 270, "texture": "#texture"},
				"down": {"uv": [9.875, 1.125, 14.875, 1.625], "rotation": 90, "texture": "#texture"}
			}
		},
		{
			"name": "l",
			"from": [15.25, 2.75, 9.5],
			"to": [15.75, 4.75, 14.5],
			"faces": {
				"east": {"uv": [8.75, 2.375, 16, 4.375], "texture": "#texture"},
				"west": {"uv": [8.75, 2.375, 16, 4.375], "texture": "#texture"},
				"up": {"uv": [9.75, 0.5, 14.75, 1], "rotation": 270, "texture": "#texture"},
				"down": {"uv": [9.875, 0.75, 14.875, 1.25], "rotation": 90, "texture": "#texture"}
			}
		},
		{
			"name": "l",
			"from": [15, 1.5, 14.5],
			"to": [16, 14.5, 16],
			"faces": {
				"north": {"uv": [3, 0, 5.625, 16], "texture": "#texture"},
				"east": {"uv": [3, 0, 5.75, 16], "texture": "#texture"},
				"south": {"uv": [3, 0, 5.75, 16], "texture": "#texture"},
				"west": {"uv": [3, 0, 5.75, 16], "texture": "#texture"},
				"up": {"uv": [13.125, 4.25, 16, 6.75], "rotation": 270, "texture": "#texture"},
				"down": {"uv": [13.125, 4.25, 16, 6.75], "rotation": 90, "texture": "#texture"}
			}
		},
		{
			"name": "r",
			"from": [0.25, 1.5, 14.25],
			"to": [1.25, 14.5, 15.75],
			"faces": {
				"north": {"uv": [0.5, 0, 1.375, 13], "texture": "#texture"},
				"east": {"uv": [9, 4.75, 11.875, 16], "texture": "#texture"},
				"south": {"uv": [0.5, 0, 1.375, 13], "texture": "#texture"},
				"west": {"uv": [9, 4.75, 11.875, 16], "texture": "#texture"},
				"up": {"uv": [13.125, 4.125, 16, 6.625], "rotation": 90, "texture": "#texture"},
				"down": {"uv": [13.125, 4.125, 16, 6.625], "rotation": 270, "texture": "#texture"}
			}
		},
		{
			"name": "r",
			"from": [0.25, 0.75, 10.5],
			"to": [1.25, 13.75, 13],
			"faces": {
				"north": {"uv": [9, 0, 12, 16], "texture": "#texture"},
				"east": {"uv": [9.125, 16, 12, 0], "texture": "#texture"},
				"south": {"uv": [9.125, 0, 12, 16], "texture": "#texture"},
				"west": {"uv": [12, 16, 9, 0], "texture": "#texture"},
				"up": {"uv": [13.25, 4.125, 16, 6.625], "rotation": 90, "texture": "#texture"},
				"down": {"uv": [13.25, 4.125, 16, 6.625], "rotation": 270, "texture": "#texture"}
			}
		},
		{
			"name": "r",
			"from": [0.5, 7.75, 9.25],
			"to": [1, 9.75, 14.25],
			"faces": {
				"east": {"uv": [8.75, 0, 16, 2], "texture": "#texture"},
				"west": {"uv": [8.75, 0, 16, 2], "texture": "#texture"},
				"up": {"uv": [9.875, 1.125, 14.875, 1.625], "rotation": 90, "texture": "#texture"},
				"down": {"uv": [9.875, 1.125, 14.875, 1.625], "rotation": 270, "texture": "#texture"}
			}
		},
		{
			"name": "r",
			"from": [0.5, 2.75, 9.25],
			"to": [1, 4.75, 14.25],
			"faces": {
				"east": {"uv": [8.75, 2.375, 16, 4.375], "texture": "#texture"},
				"west": {"uv": [8.75, 2.375, 16, 4.375], "texture": "#texture"},
				"up": {"uv": [9.875, 1.125, 14.875, 1.625], "rotation": 90, "texture": "#texture"},
				"down": {"uv": [9.875, 1.125, 14.875, 1.625], "rotation": 270, "texture": "#texture"}
			}
		},
		{
			"name": "Right-hand post",
			"from": [0, 0, 6],
			"to": [1.5, 11.25, 10],
			"faces": {
				"north": {"uv": [12.125, 4.75, 9, 16], "texture": "#texture"},
				"east": {"uv": [12.125, 16, 9, 4.75], "texture": "#texture"},
				"south": {"uv": [12.125, 16, 9.125, 4.75], "texture": "#texture"},
				"west": {"uv": [9, 4.75, 12.125, 16], "texture": "#texture", "cullface": "west"},
				"up": {"uv": [13.25, 4.375, 16, 6.875], "rotation": 90, "texture": "#texture"},
				"down": {"uv": [13.25, 4.375, 16, 6.875], "rotation": 90, "texture": "#texture"}
			}
		},
		{
			"name": "lp",
			"from": [14.5, 0, 6],
			"to": [16, 11.25, 10],
			"faces": {
				"north": {"uv": [9, 4.75, 12.125, 16], "texture": "#texture"},
				"east": {"uv": [9, 4.75, 12.125, 16], "texture": "#texture"},
				"south": {"uv": [9, 4.75, 12.125, 16], "texture": "#texture"},
				"west": {"uv": [9, 4.75, 12.125, 16], "texture": "#texture"},
				"up": {"uv": [13.125, 4.125, 16, 6.75], "rotation": 90, "texture": "#texture"},
				"down": {"uv": [13.125, 4.125, 16, 6.75], "rotation": 90, "texture": "#texture"}
			}
		},
		{
			"from": [1.25, 10.625, 14.75],
			"to": [1.75, 12.875, 15.25],
			"faces": {
				"north": {"uv": [13.75, 4.75, 16, 5.25], "rotation": 270, "texture": "#texture"},
				"east": {"uv": [13.75, 4.75, 16, 5.25], "rotation": 270, "texture": "#texture"},
				"south": {"uv": [13.75, 4.75, 16, 5.25], "rotation": 270, "texture": "#texture"},
				"west": {"uv": [16, 4.75, 13.75, 5.25], "rotation": 90, "texture": "#texture"},
				"up": {"uv": [14.625, 4.875, 15.125, 5.375], "rotation": 180, "texture": "#texture"},
				"down": {"uv": [12.625, 4.75, 13.125, 5.25], "texture": "#texture"}
			}
		},
		{
			"from": [14.25, 11.5, 15.125],
			"to": [14.5, 12.75, 15.625],
			"faces": {
				"north": {"uv": [12.75, 5, 13.25, 6.25], "texture": "#texture"},
				"east": {"uv": [12.75, 5, 13.25, 6.25], "texture": "#texture"},
				"south": {"uv": [12.75, 5, 13.25, 6.25], "texture": "#texture"},
				"west": {"uv": [12.75, 5, 13.25, 6.25], "texture": "#texture"},
				"up": {"uv": [14, 6, 14.5, 6.25], "rotation": 270, "texture": "#texture"},
				"down": {"uv": [14, 6, 14.5, 6.25], "rotation": 90, "texture": "#texture"}
			}
		},
		{
			"from": [14.5, 11.5, 15.125],
			"to": [15, 12, 15.625],
			"faces": {
				"north": {"uv": [12.625, 4.75, 13.125, 5.25], "texture": "#texture"},
				"south": {"uv": [12.625, 4.75, 13.125, 5.25], "texture": "#texture"},
				"up": {"uv": [12.625, 4.75, 13.125, 5.25], "rotation": 270, "texture": "#texture"},
				"down": {"uv": [12.625, 4.75, 13.125, 5.25], "rotation": 90, "texture": "#texture"}
			}
		}
	],
	"display": {
		"gui": {
			"rotation": [30, 135, 0],
			"scale": [0.625, 0.625, 0.625]
		},
		"fixed": {
			"rotation": [0, 90, 0],
			"scale": [0.5, 0.5, 0.5]
		}
	}
}