{
	"credit": "Made with Blockbench",
	"parent": "minecraft:block/block",
	"ambientocclusion": false,
	"textures": {
		"particle": "block/bamboo_stalk",
		"texture": "block/bamboo_stalk"
	},
	"elements": [
		{
			"name": "l",
			"from": [10.75, 0.75, 7.5],
			"to": [13.25, 13.75, 8.5],
			"faces": {
				"north": {"uv": [3, 0, 6, 16], "texture": "#texture"},
				"east": {"uv": [3, 0, 6, 16], "texture": "#texture"},
				"south": {"uv": [3, 0, 6, 16], "texture": "#texture"},
				"west": {"uv": [3, 0, 6, 16], "texture": "#texture"},
				"up": {"uv": [13, 0.125, 16, 2.625], "texture": "#texture"},
				"down": {"uv": [13, 4.25, 16, 6.375], "texture": "#texture"}
			}
		},
		{
			"name": "l",
			"from": [9.5, 7.75, 7.75],
			"to": [14.5, 9.75, 8.25],
			"faces": {
				"north": {"uv": [8.5, 0, 16, 1.875], "texture": "#texture"},
				"south": {"uv": [8.5, 0, 16, 1.875], "texture": "#texture"},
				"up": {"uv": [9.875, 1.125, 14.875, 1.625], "texture": "#texture"},
				"down": {"uv": [9.875, 1.125, 14.875, 1.625], "texture": "#texture"}
			}
		},
		{
			"name": "l",
			"from": [9.5, 2.75, 7.75],
			"to": [14.5, 4.75, 8.25],
			"faces": {
				"north": {"uv": [8.75, 2.375, 16, 4.375], "texture": "#texture"},
				"south": {"uv": [8.75, 2.375, 16, 4.375], "texture": "#texture"},
				"up": {"uv": [9.75, 0.5, 14.75, 1], "texture": "#texture"},
				"down": {"uv": [9.875, 0.75, 14.875, 1.25], "texture": "#texture"}
			}
		},
		{
			"name": "l",
			"from": [8, 1.5, 7.5],
			"to": [9.5, 14.5, 8.5],
			"faces": {
				"north": {"uv": [3, 0, 5.75, 16], "texture": "#texture"},
				"east": {"uv": [3, 0, 5.75, 16], "texture": "#texture"},
				"south": {"uv": [3, 0, 5.75, 16], "texture": "#texture"},
				"west": {"uv": [3.125, 0, 5.75, 16], "texture": "#texture"},
				"up": {"uv": [13, 0.125, 16, 2.625], "texture": "#texture"},
				"down": {"uv": [13, 4.25, 16, 6.375], "texture": "#texture"}
			}
		},
		{
			"name": "Left post",
			"from": [6.5, 1.5, 7.5],
			"to": [8, 14.5, 8.5],
			"faces": {
				"north": {"uv": [9, 0, 12, 16], "texture": "#texture"},
				"east": {"uv": [9, 0, 12, 16], "texture": "#texture"},
				"south": {"uv": [9, 0, 12, 16], "texture": "#texture"},
				"west": {"uv": [9, 0, 12, 16], "texture": "#texture"},
				"up": {"uv": [13, 0.125, 16, 2.625], "texture": "#texture"},
				"down": {"uv": [13, 4.25, 16, 6.375], "texture": "#texture"}
			}
		},
		{
			"name": "Left post",
			"from": [2.75, 0.75, 7.5],
			"to": [5.25, 13.75, 8.5],
			"faces": {
				"north": {"uv": [6, 16, 9, 0], "texture": "#texture"},
				"east": {"uv": [6, 0, 9, 16], "texture": "#texture"},
				"south": {"uv": [8.875, 16, 6, 0], "texture": "#texture"},
				"west": {"uv": [6, 0, 8.875, 16], "texture": "#texture"},
				"up": {"uv": [13, 0.125, 16, 2.625], "texture": "#texture"},
				"down": {"uv": [13.125, 4.25, 16, 6.75], "texture": "#texture"}
			}
		},
		{
			"name": "Lower bar",
			"from": [1.5, 2.75, 7.75],
			"to": [6.5, 4.75, 8.25],
			"faces": {
				"north": {"uv": [8.75, 2.375, 16, 4.375], "texture": "#texture"},
				"south": {"uv": [8.75, 2.375, 16, 4.375], "texture": "#texture"},
				"up": {"uv": [9.875, 1.125, 14.875, 1.625], "texture": "#texture"},
				"down": {"uv": [9.875, 1.125, 14.875, 1.625], "texture": "#texture"}
			}
		},
		{
			"name": "Right-hand post",
			"from": [0, 0, 6],
			"to": [1.5, 11.25, 10],
			"faces": {
				"north": {"uv": [12, 4.75, 9, 16], "texture": "#texture"},
				"east": {"uv": [12, 16, 9, 4.75], "texture": "#texture"},
				"south": {"uv": [12, 16, 9, 4.75], "texture": "#texture"},
				"west": {"uv": [9, 4.75, 12, 16], "texture": "#texture", "cullface": "west"},
				"up": {"uv": [13, 0.875, 16, 2.375], "rotation": 90, "texture": "#texture"},
				"down": {"uv": [13, 5, 16, 6.125], "rotation": 90, "texture": "#texture"}
			}
		},
		{
			"name": "lp",
			"from": [14.5, 0, 6],
			"to": [16, 11.25, 10],
			"faces": {
				"north": {"uv": [8.875, 4.75, 12, 16], "texture": "#texture"},
				"east": {"uv": [8.875, 4.75, 12, 16], "texture": "#texture"},
				"south": {"uv": [8.875, 4.75, 12, 16], "texture": "#texture"},
				"west": {"uv": [8.875, 4.75, 12, 16], "texture": "#texture"},
				"up": {"uv": [13, 0.875, 16, 2.375], "rotation": 90, "texture": "#texture"},
				"down": {"uv": [13, 5, 16, 6.125], "rotation": 90, "texture": "#texture"}
			}
		},
		{
			"from": [6.875, 12, 7],
			"to": [9.125, 12.5, 7.5],
			"faces": {
				"north": {"uv": [16, 4.75, 13.75, 5.25], "texture": "#texture"},
				"east": {"uv": [14.625, 4.875, 15.125, 5.375], "texture": "#texture"},
				"south": {"uv": [13.75, 4.75, 16, 5.25], "texture": "#texture"},
				"west": {"uv": [12.625, 4.75, 13.125, 5.25], "texture": "#texture"},
				"up": {"uv": [13.75, 4.75, 16, 5.25], "texture": "#texture"},
				"down": {"uv": [13.75, 4.75, 16, 5.25], "texture": "#texture"}
			}
		},
		{
			"from": [8.625, 11.5, 6.75],
			"to": [9.125, 12.75, 7],
			"faces": {
				"north": {"uv": [12.75, 5, 13.25, 6.25], "texture": "#texture"},
				"east": {"uv": [12.75, 5, 13.25, 6.25], "texture": "#texture"},
				"south": {"uv": [12.75, 5, 13.25, 6.25], "texture": "#texture"},
				"west": {"uv": [12.75, 5, 13.25, 6.25], "texture": "#texture"},
				"up": {"uv": [14, 6, 14.5, 6.25], "texture": "#texture"},
				"down": {"uv": [14, 6, 14.5, 6.25], "texture": "#texture"}
			}
		},
		{
			"from": [8.625, 11.5, 7],
			"to": [9.125, 12, 7.5],
			"faces": {
				"east": {"uv": [12.625, 4.75, 13.125, 5.25], "texture": "#texture"},
				"west": {"uv": [12.625, 4.75, 13.125, 5.25], "texture": "#texture"},
				"up": {"uv": [12.625, 4.75, 13.125, 5.25], "texture": "#texture"},
				"down": {"uv": [12.625, 4.75, 13.125, 5.25], "texture": "#texture"}
			}
		},
		{
			"name": "Lower bar",
			"from": [1.5, 7.75, 7.75],
			"to": [6.5, 9.75, 8.25],
			"faces": {
				"north": {"uv": [8.75, 0, 16, 2], "texture": "#texture"},
				"south": {"uv": [8.75, 0, 16, 2], "texture": "#texture"},
				"up": {"uv": [9.875, 1.125, 14.875, 1.625], "texture": "#texture"},
				"down": {"uv": [9.875, 1.125, 14.875, 1.625], "texture": "#texture"}
			}
		},
		{
			"from": [6.875, 12, 8.5],
			"to": [9.125, 12.5, 9],
			"faces": {
				"north": {"uv": [16, 4.75, 13.75, 5.25], "texture": "#texture"},
				"east": {"uv": [15.125, 4.875, 14.625, 5.375], "texture": "#texture"},
				"south": {"uv": [13.75, 4.75, 16, 5.25], "texture": "#texture"},
				"west": {"uv": [13.125, 4.75, 12.625, 5.25], "texture": "#texture"},
				"up": {"uv": [13.75, 5.25, 16, 4.75], "texture": "#texture"},
				"down": {"uv": [13.75, 5.25, 16, 4.75], "texture": "#texture"}
			}
		},
		{
			"from": [8.625, 11.5, 9],
			"to": [9.125, 12.75, 9.25],
			"faces": {
				"north": {"uv": [13.25, 5, 12.75, 6.25], "texture": "#texture"},
				"east": {"uv": [13.25, 5, 12.75, 6.25], "texture": "#texture"},
				"south": {"uv": [13.25, 5, 12.75, 6.25], "texture": "#texture"},
				"west": {"uv": [13.25, 5, 12.75, 6.25], "texture": "#texture"},
				"up": {"uv": [14, 6.25, 14.5, 6], "texture": "#texture"},
				"down": {"uv": [14, 6.25, 14.5, 6], "texture": "#texture"}
			}
		},
		{
			"from": [8.625, 11.5, 8.5],
			"to": [9.125, 12, 9],
			"faces": {
				"east": {"uv": [13.125, 4.75, 12.625, 5.25], "texture": "#texture"},
				"west": {"uv": [13.125, 4.75, 12.625, 5.25], "texture": "#texture"},
				"up": {"uv": [12.625, 5.25, 13.125, 4.75], "texture": "#texture"},
				"down": {"uv": [12.625, 5.25, 13.125, 4.75], "texture": "#texture"}
			}
		}
	],
	"display": {
		"thirdperson_righthand": {
			"scale": [0.6, 0.6, 0.6]
		},
		"thirdperson_lefthand": {
			"scale": [0.6, 0.6, 0.6]
		},
		"ground": {
			"translation": [0, 1.5, 0],
			"scale": [0.6, 0.6, 0.6]
		},
		"gui": {
			"rotation": [30, 135, 0],
			"scale": [0.625, 0.625, 0.625]
		},
		"fixed": {
			"rotation": [0, 90, 0],
			"scale": [0.5, 0.5, 0.5]
		}
	}
}