{
	"credit": "Made with Blockbench",
	"parent": "minecraft:block/block",
	"ambientocclusion": false,
	"textures": {
		"particle": "block/bamboo_stalk",
		"texture": "block/bamboo_stalk"
	},
	"elements": [
		{
			"name": "Left post",
			"from": [7.25, 0, 0.75],
			"to": [8.75, 12, 2.5],
			"faces": {
				"north": {"uv": [0, 0, 3, 16], "texture": "#texture"},
				"east": {"uv": [0, 0, 2.875, 16], "texture": "#texture"},
				"south": {"uv": [0, 0, 2.875, 16], "texture": "#texture"},
				"west": {"uv": [0, 0, 3, 16], "texture": "#texture"},
				"up": {"uv": [13.375, 4.25, 16, 7.125], "texture": "#texture"},
				"down": {"uv": [13.375, 4.25, 16, 7.125], "texture": "#texture"}
			}
		},
		{
			"name": "Left post",
			"from": [7.25, 0, 4],
			"to": [8.75, 12, 5.75],
			"faces": {
				"north": {"uv": [9, 0, 12, 16], "texture": "#texture"},
				"east": {"uv": [9, 16, 12, 0], "texture": "#texture"},
				"south": {"uv": [9, 0, 12, 16], "texture": "#texture"},
				"west": {"uv": [9, 16, 12, 0], "texture": "#texture"},
				"up": {"uv": [13.125, 4.25, 15.875, 7.125], "texture": "#texture"},
				"down": {"uv": [13.125, 4.25, 15.875, 7.125], "texture": "#texture"}
			}
		},
		{
			"name": "Lower bar",
			"from": [7.5, 7.75, 0],
			"to": [8.5, 9.75, 8.75],
			"faces": {
				"north": {"uv": [13, 0, 16, 3], "texture": "#texture"},
				"east": {"uv": [12, 10.625, 16, 12.625], "texture": "#texture"},
				"south": {"uv": [13, 0, 16, 3], "texture": "#texture"},
				"west": {"uv": [12, 10.625, 16, 12.625], "texture": "#texture"},
				"up": {"uv": [3.25, 0, 5.375, 6.125], "texture": "#texture"},
				"down": {"uv": [5.375, 0, 3.25, 6.125], "texture": "#texture"}
			}
		},
		{
			"name": "Lower bar",
			"from": [7.75, 2, 0],
			"to": [8.25, 4, 8.75],
			"faces": {
				"north": {"uv": [13, 0, 16, 3], "texture": "#texture"},
				"east": {"uv": [12, 11.75, 16, 13.75], "texture": "#texture"},
				"south": {"uv": [13, 0, 16, 3], "texture": "#texture"},
				"west": {"uv": [12, 11.75, 16, 13.75], "texture": "#texture"},
				"up": {"uv": [3.625, 9, 5.25, 14.5], "texture": "#texture"},
				"down": {"uv": [5.25, 9, 3.625, 14.5], "texture": "#texture"}
			}
		}
	],
	"display": {
		"gui": {
			"rotation": [30, 135, 0],
			"scale": [0.625, 0.625, 0.625]
		},
		"fixed": {
			"rotation": [0, 90, 0],
			"scale": [0.5, 0.5, 0.5]
		}
	}
}