{
    "multipart": [
        {   "apply": { "model": "minecraft:block/fence/nether/fence_post" }},
        {   "when": { "north": true },
            "apply": { "model": "minecraft:block/fence/nether/fence_side" }
        },
        {   "when": { "east": true },
            "apply": { "model": "minecraft:block/fence/nether/fence_side", "y": 90 }
        },
        {   "when": { "south": true },
            "apply": { "model": "minecraft:block/fence/nether/fence_side", "y": 180 }
        },
        {   "when": { "west": true },
            "apply": { "model": "minecraft:block/fence/nether/fence_side", "y": 270 }
        }
    ]
}
