{
	"credit": "Made with Blockbench",
	"parent": "minecraft:block/block",
	"ambientocclusion": false,
	"textures": {
		"1": "block/jungle_planks",
		"particle": "block/jungle_planks",
		"texture": "block/jungle_planks"
	},
	"elements": [
		{
			"name": "Top horizontal bar",
			"from": [7.5, 14, 8],
			"to": [8.5, 15, 14],
			"rotation": {"angle": 0, "axis": "y", "origin": [0, 0, 8.25]},
			"faces": {
				"north": {"uv": [7.5, 1, 8.5, 2], "texture": "#1", "cullface": "north"},
				"east": {"uv": [2, 1, 8, 2], "texture": "#1"},
				"south": {"uv": [7.5, 1, 8.5, 2], "texture": "#1", "cullface": "south"},
				"west": {"uv": [8, 1, 14, 2], "texture": "#1"},
				"up": {"uv": [7.5, 8, 8.5, 14], "texture": "#1"},
				"down": {"uv": [7.5, 2, 8.5, 8], "texture": "#1"}
			}
		},
		{
			"name": "Top diagonal bar",
			"from": [7.5, 13, 8.25],
			"to": [8.5, 14, 14.25],
			"rotation": {"angle": -22.5, "axis": "x", "origin": [8, 14, 14.25], "rescale": true},
			"faces": {
				"north": {"uv": [7.5, 2, 8.5, 3], "texture": "#1", "cullface": "north"},
				"east": {"uv": [1.75, 2, 7.75, 3], "texture": "#1"},
				"south": {"uv": [7.5, 2, 8.5, 3], "texture": "#1", "cullface": "south"},
				"west": {"uv": [8.25, 2, 14.25, 3], "texture": "#1"},
				"up": {"uv": [7.5, 8.25, 8.5, 14.25], "texture": "#1"},
				"down": {"uv": [7.5, 1.75, 8.5, 7.75], "texture": "#1"}
			}
		},
		{
			"name": "Bottom diagonal bar",
			"from": [7.5, 7, 8.25],
			"to": [8.5, 8, 14.25],
			"rotation": {"angle": 22.5, "axis": "x", "origin": [8, 7, 14.25], "rescale": true},
			"faces": {
				"north": {"uv": [7.5, 8, 8.5, 9], "texture": "#1", "cullface": "north"},
				"east": {"uv": [1.75, 8, 7.75, 9], "texture": "#1"},
				"south": {"uv": [7.5, 8, 8.5, 9], "texture": "#1", "cullface": "south"},
				"west": {"uv": [8.25, 8, 14.25, 9], "texture": "#1"},
				"up": {"uv": [7.5, 8.25, 8.5, 14.25], "texture": "#1"},
				"down": {"uv": [7.5, 1.75, 8.5, 7.75], "texture": "#1"}
			}
		},
		{
			"name": "Bottom horizontal bar",
			"from": [7.5, 6, 8],
			"to": [8.5, 7, 14],
			"rotation": {"angle": 0, "axis": "y", "origin": [0, 0, 8.25]},
			"faces": {
				"north": {"uv": [7.5, 9, 8.5, 10], "texture": "#1", "cullface": "north"},
				"east": {"uv": [2, 9, 8, 10], "texture": "#1"},
				"south": {"uv": [7.5, 9, 8.5, 10], "texture": "#1", "cullface": "south"},
				"west": {"uv": [8, 9, 14, 10], "texture": "#1"},
				"up": {"uv": [7.5, 8, 8.5, 14], "texture": "#1"},
				"down": {"uv": [7.5, 2, 8.5, 8], "texture": "#1"}
			}
		},
		{
			"name": "Top horizontal bar",
			"from": [7.5, 14, 2],
			"to": [8.5, 15, 8],
			"rotation": {"angle": 0, "axis": "y", "origin": [0, 8, 4.25]},
			"faces": {
				"north": {"uv": [7.5, 1, 8.5, 2], "texture": "#1", "cullface": "north"},
				"east": {"uv": [8, 1, 14, 2], "texture": "#1"},
				"south": {"uv": [7.5, 1, 8.5, 2], "texture": "#1", "cullface": "south"},
				"west": {"uv": [2, 1, 8, 2], "texture": "#1"},
				"up": {"uv": [7.5, 2, 8.5, 8], "texture": "#1"},
				"down": {"uv": [7.5, 8, 8.5, 14], "texture": "#1"}
			}
		},
		{
			"name": "Top diagonal bar",
			"from": [7.5, 11.39523, 0.25627],
			"to": [8.5, 12.39523, 6.25627],
			"rotation": {"angle": 22.5, "axis": "x", "origin": [0, 8, 4.25], "rescale": true},
			"faces": {
				"north": {"uv": [7.5, 3.60477, 8.5, 4.60477], "texture": "#1", "cullface": "north"},
				"east": {"uv": [9.74373, 3.60477, 15.74373, 4.60477], "texture": "#1"},
				"south": {"uv": [7.5, 3.60477, 8.5, 4.60477], "texture": "#1", "cullface": "south"},
				"west": {"uv": [0.25627, 3.60477, 6.25627, 4.60477], "texture": "#1"},
				"up": {"uv": [7.5, 0.25627, 8.5, 6.25627], "texture": "#1"},
				"down": {"uv": [7.5, 9.74373, 8.5, 15.74373], "texture": "#1"}
			}
		},
		{
			"name": "Bottom diagonal bar",
			"from": [7.5, 8.22417, 2.16969],
			"to": [8.5, 9.22417, 8.16969],
			"rotation": {"angle": -22.5, "axis": "x", "origin": [0, 8, 4.25], "rescale": true},
			"faces": {
				"north": {"uv": [7.5, 6.77583, 8.5, 7.77583], "texture": "#1", "cullface": "north"},
				"east": {"uv": [7.83031, 6.77583, 13.83031, 7.77583], "texture": "#1"},
				"south": {"uv": [7.5, 6.77583, 8.5, 7.77583], "texture": "#1", "cullface": "south"},
				"west": {"uv": [2.16969, 6.77583, 8.16969, 7.77583], "texture": "#1"},
				"up": {"uv": [7.5, 2.16969, 8.5, 8.16969], "texture": "#1"},
				"down": {"uv": [7.5, 7.83031, 8.5, 13.83031], "texture": "#1"}
			}
		},
		{
			"name": "Bottom horizontal bar",
			"from": [7.5, 6, 2],
			"to": [8.5, 7, 8],
			"rotation": {"angle": 0, "axis": "y", "origin": [0, 8, 4.25]},
			"faces": {
				"north": {"uv": [7.5, 9, 8.5, 10], "texture": "#1", "cullface": "north"},
				"east": {"uv": [8, 9, 14, 10], "texture": "#1"},
				"south": {"uv": [7.5, 9, 8.5, 10], "texture": "#1", "cullface": "south"},
				"west": {"uv": [2, 9, 8, 10], "texture": "#1"},
				"up": {"uv": [7.5, 2, 8.5, 8], "texture": "#1"},
				"down": {"uv": [7.5, 8, 8.5, 14], "texture": "#1"}
			}
		},
		{
			"from": [6.25, 0, -0.25],
			"to": [9.25, 16, 2.75],
			"faces": {
				"north": {"uv": [10, 0, 14, 16], "texture": "#texture"},
				"east": {"uv": [10, 0, 14, 16], "texture": "#texture"},
				"south": {"uv": [10, 0, 14, 16], "texture": "#texture"},
				"west": {"uv": [10, 0, 14, 16], "texture": "#texture"},
				"up": {"uv": [6, 12, 10, 16], "texture": "#texture", "cullface": "up"},
				"down": {"uv": [6, 12, 10, 16], "texture": "#texture", "cullface": "down"}
			}
		},
		{
			"from": [6.25, 0, 13],
			"to": [9.25, 16, 16],
			"faces": {
				"north": {"uv": [10, 0, 14, 16], "texture": "#texture"},
				"east": {"uv": [10, 0, 14, 16], "texture": "#texture"},
				"south": {"uv": [10, 0, 14, 16], "texture": "#texture"},
				"west": {"uv": [10, 0, 14, 16], "texture": "#texture"},
				"up": {"uv": [6, 12, 10, 16], "texture": "#texture", "cullface": "up"},
				"down": {"uv": [6, 12, 10, 16], "texture": "#texture", "cullface": "down"}
			}
		}
	],
	"display": {
		"ground": {
			"translation": [0, 1.25, 0],
			"scale": [0.6, 0.6, 0.6]
		},
		"gui": {
			"rotation": [30, 135, 0],
			"scale": [0.625, 0.625, 0.625]
		},
		"fixed": {
			"rotation": [0, 90, 0],
			"scale": [0.5, 0.5, 0.5]
		}
	},
	"groups": [
		{
			"name": "group",
			"origin": [0, 0, 0],
			"color": 0,
			"children": [0, 1, 2, 3]
		},
		{
			"name": "group",
			"origin": [0, 0, 0],
			"color": 0,
			"children": [4, 5, 6, 7]
		},
		8,
		9
	]
}