{
	"credit": "Made with Blockbench",
	"parent": "minecraft:block/block",
	"ambientocclusion": false,
	"textures": {
		"particle": "block/jungle_planks",
		"texture": "block/jungle_planks"
	},
	"elements": [
		{
			"name": "Top horizontal bar",
			"from": [7.5, 14, 0],
			"to": [8.5, 15, 6],
			"faces": {
				"north": {"uv": [7.5, 1, 8.5, 2], "texture": "#texture", "cullface": "north"},
				"east": {"uv": [10, 1, 16, 2], "texture": "#texture"},
				"south": {"uv": [7.5, 1, 8.5, 2], "texture": "#texture", "cullface": "south"},
				"west": {"uv": [0, 1, 6, 2], "texture": "#texture"},
				"up": {"uv": [7.5, 0, 8.5, 6], "texture": "#texture"},
				"down": {"uv": [7.5, 10, 8.5, 16], "texture": "#texture"}
			}
		},
		{
			"name": "Top diagonal bar",
			"from": [7.5, 13, 0],
			"to": [8.5, 14, 6],
			"rotation": {"angle": -22.5, "axis": "x", "origin": [8, 14, 6], "rescale": true},
			"faces": {
				"north": {"uv": [7.5, 2, 8.5, 3], "texture": "#texture", "cullface": "north"},
				"east": {"uv": [10, 2, 16, 3], "texture": "#texture"},
				"south": {"uv": [7.5, 2, 8.5, 3], "texture": "#texture", "cullface": "south"},
				"west": {"uv": [0, 2, 6, 3], "texture": "#texture"},
				"up": {"uv": [7.5, 0, 8.5, 6], "texture": "#texture"},
				"down": {"uv": [7.5, 10, 8.5, 16], "texture": "#texture"}
			}
		},
		{
			"name": "Bottom diagonal bar",
			"from": [7.5, 7, 0],
			"to": [8.5, 8, 6],
			"rotation": {"angle": 22.5, "axis": "x", "origin": [8, 7, 6], "rescale": true},
			"faces": {
				"north": {"uv": [7.5, 8, 8.5, 9], "texture": "#texture", "cullface": "north"},
				"east": {"uv": [10, 8, 16, 9], "texture": "#texture"},
				"south": {"uv": [7.5, 8, 8.5, 9], "texture": "#texture", "cullface": "south"},
				"west": {"uv": [0, 8, 6, 9], "texture": "#texture"},
				"up": {"uv": [7.5, 0, 8.5, 6], "texture": "#texture"},
				"down": {"uv": [7.5, 10, 8.5, 16], "texture": "#texture"}
			}
		},
		{
			"name": "Bottom horizontal bar",
			"from": [7.5, 6, 0],
			"to": [8.5, 7, 6],
			"faces": {
				"north": {"uv": [7.5, 9, 8.5, 10], "texture": "#texture", "cullface": "north"},
				"east": {"uv": [10, 9, 16, 10], "texture": "#texture"},
				"south": {"uv": [7.5, 9, 8.5, 10], "texture": "#texture", "cullface": "south"},
				"west": {"uv": [0, 9, 6, 10], "texture": "#texture"},
				"up": {"uv": [7.5, 0, 8.5, 6], "texture": "#texture"},
				"down": {"uv": [7.5, 10, 8.5, 16], "texture": "#texture"}
			}
		}
	],
	"display": {
		"gui": {
			"rotation": [30, 135, 0],
			"scale": [0.625, 0.625, 0.625]
		},
		"fixed": {
			"rotation": [0, 90, 0],
			"scale": [0.5, 0.5, 0.5]
		}
	},
	"groups": [
		{
			"name": "group",
			"origin": [0, 0, 0],
			"color": 0,
			"children": [0, 1, 2, 3]
		}
	]
}