{
	"credit": "Made with Blockbench",
	"parent": "minecraft:block/block",
	"ambientocclusion": false,
	"textures": {
		"particle": "block/jungle_planks"
	},
	"elements": [
		{
			"from": [6, 0, 6],
			"to": [10, 16, 10],
			"faces": {
				"north": {"uv": [5.5, 0, 8.375, 16], "texture": "#particle"},
				"east": {"uv": [2.625, 0, 5.5, 16], "texture": "#particle"},
				"south": {"uv": [0, 0, 2.625, 16], "texture": "#particle"},
				"west": {"uv": [8.375, 0, 11.25, 16], "texture": "#particle"},
				"up": {"uv": [4.5, 5, 8.5, 9], "texture": "#particle", "cullface": "up"},
				"down": {"uv": [4.5, 5, 8.5, 9], "texture": "#particle", "cullface": "down"}
			}
		}
	],
	"display": {
		"gui": {
			"rotation": [30, 135, 0],
			"scale": [0.625, 0.625, 0.625]
		},
		"fixed": {
			"rotation": [0, 90, 0],
			"scale": [0.5, 0.5, 0.5]
		}
	}
}